Simulation Replication,Random Seed,Dummy 0,Dummy 1,Dummy -1,Dummy Inf,Annual birth rate (per pop member),Annual death rate,Ratio infectivity | G-0,Ratio infectivity | G-A,Ratio infectivity | G-B,Ratio infectivity | G-AB,Prob sympt| infection with G-0,Prob sympt| infection with G-A,Prob sympt| infection with G-B,Prob sympt| infection with G-AB,Prob resistance | Drug A,Prob resistance | Drug B,Prob retreatment after failure | Symptomatic,Prob retreatment after resistance | Symptomatic,Prob retreatment | Asymptomatic,Infectivity of | I | Sym|G-0,Infectivity of | I | Sym|G-A,Infectivity of | I | Sym|G-B,Infectivity of | I | Sym|G-AB,Infectivity of | I | Asym|G-0,Infectivity of | I | Asym|G-A,Infectivity of | I | Asym|G-B,Infectivity of | I | Asym|G-AB,Initial gonorrhea prevalence,Initial gonorrhea symptomatic,Initial gonorrhea resistant to A,Initial gonorrhea resistant to B,1-Initial gonorrhea prevalence,1-Initial gonorrhea symptomatic,1-Initial gonorrhea resistant to A or B,1-Initial gonorrhea resistant to B,Initial N,Initial size of S,Initial size of I | Sym|G-0,Initial size of I | Sym|G-A,Initial size of I | Sym|G-B,Initial size of I | Sym|G-AB,Initial size of I | Asym|G-0,Initial size of I | Asym|G-A,Initial size of I | Asym|G-B,Initial size of I | Asym|G-AB,Time until recovery (without treatment) (years),Time until screened (years),Time until seeking treatment (symptomatic) (years),Time until retreatment (years),Natural recovery,Annual screening rate,Annual rate of seeking treatment (symptomatic),Annual rate of retreatment
0,583113094,0,1,-1,1000,0.05,0.05,1,0.958774158,0.893932969,0.932987911,0.59018143,0.59018143,0.59018143,0.59018143,1.4607E-06,4.62599E-06,0.861891101,0.861891101,0,2.120738586,2.033309352,1.89579814,1.978623464,2.120738586,2.033309352,1.89579814,1.978623464,0.02001168,0.007081031,0.008755012,0.008755012,0.97998832,0.992918969,0.982489977,0.991244988,10000000,9799883.2,1392.22103,12.40614315,12.40614315,0,195220.5292,1739.618766,1739.618766,0,5.250644497,1.416337321,0.015714579,0.01853269,0.19045281,0.706046494,63.6351773,53.958709
1,2111638033,0,1,-1,1000,0.05,0.05,1,0.997469448,0.856219176,0.997730845,0.488873428,0.488873428,0.488873428,0.488873428,8.03039E-07,5.61583E-06,0.82697344,0.82697344,0,2.456883958,2.450666686,2.103631157,2.451308907,2.456883958,2.450666686,2.103631157,2.451308907,0.020849086,0.00332122,0.009376341,0.009376341,0.979150914,0.99667878,0.981247318,0.990623659,10000000,9791509.136,679.4588559,6.492591551,6.492591551,0,203901.6422,1948.388881,1948.388881,0,1.56523785,1.69557204,0.013772293,0.012934441,0.638880538,0.589771461,72.60954865,77.31296772
2,456911363,0,1,-1,1000,0.05,0.05,1,0.937409649,0.899626121,0.979938669,0.575367087,0.575367087,0.575367087,0.575367087,1.00542E-06,4.02544E-06,0.877602706,0.877602706,0,2.007270295,1.881634543,1.805792789,1.96700178,2.007270295,1.881634543,1.805792789,1.96700178,0.019679139,0.002014369,0.010177348,0.010177348,0.980320861,0.997985631,0.979645304,0.989822652,10000000,9803208.609,388.3417048,4.034407728,4.034407728,0,192397.4202,1998.780016,1998.780016,0,7.150162134,1.395273782,0.005842428,0.013039804,0.139856968,0.716705218,171.1617209,76.68826967
3,707620401,0,1,-1,1000,0.05,0.05,1,0.959964743,0.902867665,0.800275052,0.477476812,0.477476812,0.477476812,0.477476812,1.23618E-06,5.92813E-06,0.94256098,0.94256098,0,2.306892262,2.214535237,2.082818429,1.846148324,2.306892262,2.214535237,2.082818429,1.846148324,0.019990848,0.019948394,0.011674187,0.011674187,0.980009152,0.980051606,0.976651627,0.988325813,10000000,9800091.516,3894.743333,46.55494286,46.55494286,0,191346.2023,2287.214009,2287.214009,0,1.701054235,1.678791926,0.006516182,0.017265155,0.587870733,0.595666434,153.4640875,57.92012985
4,1190780850,0,1,-1,1000,0.05,0.05,1,0.918891318,0.872075305,0.877817171,0.561193639,0.561193639,0.561193639,0.561193639,5.33828E-07,6.81347E-06,0.957750972,0.957750972,0,2.1963895,2.018243243,1.915417042,1.928028418,2.1963895,2.018243243,1.915417042,1.928028418,0.020916057,0.007826056,0.010539593,0.010539593,0.979083943,0.992173944,0.978920814,0.989460407,10000000,9790839.427,1602.397705,17.25228353,17.25228353,0,203149.2406,2187.215,2187.215,0,4.220729088,1.343244449,0.010309392,0.00529518,0.236925891,0.744466133,96.99893459,188.8510095
5,382687621,0,1,-1,1000,0.05,0.05,1,0.893256876,0.988766263,0.726601216,0.587140942,0.587140942,0.587140942,0.587140942,1.11705E-06,5.9822E-06,0.877755377,0.877755377,0,2.141571234,1.912973229,2.117513385,1.556068262,2.141571234,1.912973229,2.117513385,1.556068262,0.019369711,0.018105326,0.007864253,0.007864253,0.980630289,0.981894674,0.984271493,0.992135747,10000000,9806302.886,3451.790336,27.57953879,27.57953879,0,187198.7572,1495.703644,1495.703644,0,6.849760499,1.348934371,0.015402829,0.013363195,0.145990506,0.74132591,64.92313893,74.8324046
6,117278870,0,1,-1,1000,0.05,0.05,1,0.991491614,0.931855173,0.964091577,0.630003884,0.630003884,0.630003884,0.630003884,1.34181E-06,3.65021E-06,0.935863032,0.935863032,0,2.158956991,2.140587751,2.01183524,2.081432251,2.158956991,2.140587751,2.01183524,2.081432251,0.021138684,0.004090658,0.010119865,0.010119865,0.978861316,0.995909342,0.979760271,0.989880135,10000000,9788613.155,847.2098057,8.750761497,8.750761497,0,206261.2225,2130.45547,2130.45547,0,6.192127916,1.536077651,0.00929784,0.004575795,0.161495372,0.651008755,107.5518661,218.5412618
7,1256877017,0,1,-1,1000,0.05,0.05,1,0.971832889,0.990537321,0.876348686,0.595064267,0.595064267,0.595064267,0.595064267,1.43276E-06,4.30041E-06,0.984023075,0.984023075,0,1.941369064,1.886686307,1.922998512,1.701316229,1.941369064,1.886686307,1.922998512,1.701316229,0.023348998,0.00780294,0.013986295,0.013986295,0.976651002,0.99219706,0.972027411,0.986013705,10000000,9766510.017,1770.944859,25.48174688,25.48174688,0,225187.7186,3240.177929,3240.177929,0,5.226101755,1.713442761,0.003821469,0.008111868,0.191347212,0.583620313,261.6794431,123.2761748
8,1394744846,0,1,-1,1000,0.05,0.05,1,0.9560356,0.956422314,0.838303002,0.505659509,0.505659509,0.505659509,0.505659509,9.74194E-07,6.77586E-06,0.87738614,0.87738614,0,2.015017986,1.926428929,1.927208165,1.689195626,2.015017986,1.926428929,1.927208165,1.689195626,0.02307783,0.009030268,0.011148559,0.011148559,0.97692217,0.990969732,0.977702881,0.988851441,10000000,9769221.701,2037.522887,23.23348489,23.23348489,0,223595.0845,2549.612105,2549.612105,0,2.756388255,1.676683258,0.017778035,0.015551951,0.362793593,0.596415569,56.24918614,64.3006128
9,1347392138,0,1,-1,1000,0.05,0.05,1,0.997263175,0.941770589,0.859003482,0.443500816,0.443500816,0.443500816,0.443500816,1.49492E-06,6.11518E-06,0.989636395,0.989636395,0,2.066036828,2.060382448,1.945732721,1.77473283,2.066036828,2.060382448,1.945732721,1.77473283,0.022151122,0.005742936,0.008355399,0.008355399,0.977848878,0.994257064,0.983289201,0.991644601,10000000,9778488.777,1250.866505,10.62911009,10.62911009,0,216558.727,1840.185617,1840.185617,0,2.55243583,1.293812014,0.017788618,0.013241276,0.391782621,0.772909811,56.2157211,75.52142394
10,701379395,0,1,-1,1000,0.05,0.05,1,0.990744789,0.912697766,0.783646431,0.403821773,0.403821773,0.403821773,0.403821773,1.03031E-06,4.49224E-06,0.848863671,0.848863671,0,2.530416595,2.506997056,2.309505574,1.982951934,2.530416595,2.506997056,2.309505574,1.982951934,0.023508848,0.011024497,0.013422014,0.013422014,0.976491152,0.988975503,0.973155972,0.986577986,10000000,9764911.519,2522.159819,34.7862675,34.7862675,0,226255.5997,3120.574578,3120.574578,0,1.068855756,1.72306114,0.008518007,0.003225885,0.935579936,0.580362459,117.3983522,309.9924268
11,1055202965,0,1,-1,1000,0.05,0.05,1,0.933595128,0.943150054,0.832348093,0.582004428,0.582004428,0.582004428,0.582004428,1.04287E-06,6.83636E-06,0.869778749,0.869778749,0,2.189658324,2.044254343,2.065176366,1.822557931,2.189658324,2.044254343,2.065176366,1.822557931,0.018542669,0.003454352,0.012784399,0.012784399,0.981457331,0.996545648,0.974431203,0.987215601,10000000,9814573.307,624.1515484,8.188779506,8.188779506,0,180061.4042,2362.380003,2362.380003,0,4.613816593,1.498633478,0.003379814,0.019045558,0.216740302,0.667274564,295.8742887,52.50568042
12,313569626,0,1,-1,1000,0.05,0.05,1,0.985010199,0.879809384,0.841217438,0.512183312,0.512183312,0.512183312,0.512183312,6.76324E-07,2.91982E-06,0.85218979,0.85218979,0,1.948647632,1.919437792,1.714438473,1.639236368,1.948647632,1.919437792,1.714438473,1.639236368,0.024968566,0.010754773,0.012908669,0.012908669,0.975031434,0.989245227,0.974182661,0.987091331,10000000,9750314.344,2615.985039,34.66381362,34.66381362,0,240623.4518,3188.445792,3188.445792,0,2.176801492,2.226910301,0.00481272,0.018004558,0.459389615,0.449052663,207.782692,55.54149162
13,448349063,0,1,-1,1000,0.05,0.05,1,0.918385895,0.874097982,0.892936377,0.618114557,0.618114557,0.618114557,0.618114557,1.11123E-06,5.28555E-06,0.888358474,0.888358474,0,1.695811169,1.557409058,1.482305121,1.514251481,1.695811169,1.557409058,1.482305121,1.514251481,0.023165273,0.017344928,0.012401237,0.012401237,0.976834727,0.982655072,0.975197525,0.987598763,10000000,9768347.268,3918.343622,49.82817161,49.82817161,0,221988.8269,2822.952357,2822.952357,0,7.883791742,1.907865771,0.014973344,0.009942225,0.126842519,0.524145889,66.78535026,100.5811027
14,1617382546,0,1,-1,1000,0.05,0.05,1,0.966181836,0.875734571,0.784456413,0.540852182,0.540852182,0.540852182,0.540852182,1.39216E-06,3.05429E-06,0.882781491,0.882781491,0,1.908942105,1.844385187,1.671726596,1.497481876,1.908942105,1.844385187,1.671726596,1.497481876,0.021230278,0.009412278,0.011163469,0.011163469,0.978769722,0.990587722,0.977673061,0.988836531,10000000,9787697.221,1953.638008,22.30743459,22.30743459,0,205609.0702,2347.728119,2347.728119,0,4.156530886,1.768980848,0.01684435,0.011140126,0.240585245,0.565297245,59.36708794,89.76559372
15,510443629,0,1,-1,1000,0.05,0.05,1,0.945433125,0.859551656,0.992349209,0.403390512,0.403390512,0.403390512,0.403390512,1.23301E-06,3.9707E-06,0.978262742,0.978262742,0,2.841187662,2.686152929,2.442147561,2.819450329,2.841187662,2.686152929,2.442147561,2.819450329,0.02070148,0.016192718,0.013612126,0.013612126,0.97929852,0.983807282,0.972775747,0.986387874,10000000,9792985.201,3260.873021,45.62964903,45.62964903,0,198118.1031,2772.281979,2772.281979,0,0.894117595,1.737970129,0.014173952,0.019168435,1.118421118,0.575383882,70.55195225,52.169099
16,1247334583,0,1,-1,1000,0.05,0.05,1,0.976161402,0.969458116,0.781757581,0.574915414,0.574915414,0.574915414,0.574915414,6.43876E-07,3.20565E-06,0.906865292,0.906865292,0,2.303178674,2.248274124,2.232835257,1.800527389,2.303178674,2.248274124,2.232835257,1.800527389,0.020591846,0.007601768,0.010577257,0.010577257,0.979408154,0.992398232,0.978845487,0.989422743,10000000,9794081.54,1532.230181,16.55704829,16.55704829,0,200030.1253,2161.495372,2161.495372,0,3.52370364,1.332022553,0.012655846,0.012021911,0.283792311,0.75073804,79.01486804,83.18145345
17,845992346,0,1,-1,1000,0.05,0.05,1,0.857135799,0.87806662,0.977954773,0.613634338,0.613634338,0.613634338,0.613634338,1.02022E-06,6.60005E-06,0.973154565,0.973154565,0,1.984592474,1.701065256,1.742604405,1.940841682,1.984592474,1.701065256,1.742604405,1.940841682,0.020384843,0.006772546,0.016351957,0.016351957,0.979615157,0.993227454,0.967296085,0.983648043,10000000,9796151.572,1335.422791,22.5750696,22.5750696,0,195846.3636,3310.745719,3310.745719,0,7.11852655,1.663310904,0.015299977,0.007584203,0.14047851,0.601210512,65.3595737,131.8530069
18,1868492522,0,1,-1,1000,0.05,0.05,1,0.992690344,0.911573041,0.922578549,0.578905873,0.578905873,0.578905873,0.578905873,6.97984E-07,3.00339E-06,0.982718782,0.982718782,0,1.908084035,1.894136597,1.739357967,1.7603574,1.908084035,1.894136597,1.739357967,1.7603574,0.018634164,0.00238138,0.011164397,0.011164397,0.981365836,0.99761862,0.977671206,0.988835603,10000000,9813658.363,433.8419138,4.954204767,4.954204767,0,181747.0108,2075.437801,2075.437801,0,7.233068859,1.506538513,0.012181391,0.004645477,0.138253903,0.663773273,82.09243268,215.2631549
19,1524841227,0,1,-1,1000,0.05,0.05,1,0.992850757,0.90332559,0.827907941,0.594254476,0.594254476,0.594254476,0.594254476,1.48029E-06,6.75065E-06,0.863271516,0.863271516,0,1.70905842,1.696839947,1.543836206,1.414943037,1.70905842,1.696839947,1.543836206,1.414943037,0.027550832,0.013162827,0.012230432,0.012230432,0.972449168,0.986837173,0.975539136,0.987769568,10000000,9724491.684,3537.761714,44.35327394,44.35327394,0,265231.3828,3325.232486,3325.232486,0,5.022635534,1.855963762,0.008364637,0.013211956,0.199098659,0.538803623,119.5509208,75.68902211
20,595739833,0,1,-1,1000,0.05,0.05,1,0.941581008,0.945148139,0.941859129,0.558195648,0.558195648,0.558195648,0.558195648,1.15025E-06,2.90386E-06,0.948227292,0.948227292,0,2.582188805,2.431339938,2.440550944,2.432058099,2.582188805,2.431339938,2.440550944,2.432058099,0.018943348,0.007672181,0.007677994,0.007677994,0.981056652,0.992327819,0.984644013,0.992322006,10000000,9810566.518,1431.050095,11.15895004,11.15895004,0,185093.4936,1443.310094,1443.310094,0,2.419622093,1.318203149,0.018482468,0.017247197,0.41328768,0.758608414,54.10532903,57.98043633
21,165612522,0,1,-1,1000,0.05,0.05,1,0.857528384,0.901443893,0.805310278,0.538123996,0.538123996,0.538123996,0.538123996,7.11536E-07,7.40272E-06,0.835388306,0.835388306,0,2.023543143,1.73524568,1.824110608,1.629580091,2.023543143,1.73524568,1.824110608,1.629580091,0.018859014,0.012363135,0.013144886,0.013144886,0.981140986,0.987636865,0.973710228,0.986855114,10000000,9811409.864,2270.268963,30.64815966,30.64815966,0,181361.875,2448.347659,2448.347659,0,5.143126761,1.426459123,0.004782826,0.013321155,0.194434251,0.701036563,209.0814014,75.06856718
22,348027176,0,1,-1,1000,0.05,0.05,1,0.856533115,0.909572169,0.886533387,0.563211545,0.563211545,0.563211545,0.563211545,1.23531E-06,3.14058E-06,0.875658113,0.875658113,0,2.021168736,1.731197953,1.838398831,1.791833565,2.021168736,1.731197953,1.838398831,1.791833565,0.022431933,0.010093291,0.009883674,0.009883674,0.977568067,0.989906709,0.980232653,0.990116326,10000000,9775680.67,2219.364692,22.3778265,22.3778265,0,217665.7671,2194.721215,2194.721215,0,5.933665412,1.40825869,0.00877477,0.009113277,0.168529894,0.710096808,113.9631017,109.7300137
23,1784246820,0,1,-1,1000,0.05,0.05,1,0.877678423,0.974579793,0.751919948,0.482884735,0.482884735,0.482884735,0.482884735,5.19376E-07,6.32415E-06,0.917454662,0.917454662,0,2.092622877,1.836649947,2.039427971,1.573484886,2.092622877,1.836649947,2.039427971,1.573484886,0.020198935,0.006077231,0.014573213,0.014573213,0.979801065,0.993922769,0.970853573,0.985426787,10000000,9798010.649,1191.757734,17.88914445,17.88914445,0,194910.3253,2925.744775,2925.744775,0,2.574567863,1.549917611,0.018023941,0.006500004,0.388414698,0.645195585,55.48176217,153.8460645
24,963267643,0,1,-1,1000,0.05,0.05,1,0.941630972,0.974703688,0.96434636,0.588731069,0.588731069,0.588731069,0.588731069,1.4091E-06,5.75352E-06,0.870577245,0.870577245,0,2.051913964,1.932145741,2.000008108,1.978755762,2.051913964,1.932145741,2.000008108,1.978755762,0.020906873,0.016607103,0.012429239,0.012429239,0.979093127,0.983392897,0.975141522,0.987570761,10000000,9790931.265,3385.716784,43.15464269,43.15464269,0,200485.8874,2555.410681,2555.410681,0,6.050290068,1.40678263,0.010596665,0.011077198,0.165281332,0.710841873,94.36931687,90.27553461
25,2059164380,0,1,-1,1000,0.05,0.05,1,0.942887496,0.931139174,0.982209827,0.571739611,0.571739611,0.571739611,0.571739611,1.25044E-06,4.17687E-06,0.917898235,0.917898235,0,1.707257407,1.609751662,1.589694252,1.676885003,1.707257407,1.609751662,1.589694252,1.676885003,0.020051532,0.003787799,0.011712804,0.011712804,0.979948468,0.996212201,0.976574392,0.988287196,10000000,9799484.683,741.7196377,8.896011108,8.896011108,0,195076.404,2339.700567,2339.700567,0,6.828803284,1.903958156,0.013575343,0.006791534,0.146438543,0.525221627,73.6629665,147.2421327
26,1186307661,0,1,-1,1000,0.05,0.05,1,0.896629044,0.851620181,0.885165577,0.577920107,0.577920107,0.577920107,0.577920107,7.75429E-07,7.32658E-06,0.887493612,0.887493612,0,2.241270693,2.009588399,1.908711353,1.983895667,2.241270693,2.009588399,1.908711353,1.983895667,0.022639774,0.019650213,0.010270681,0.010270681,0.977360226,0.980349787,0.979458638,0.989729319,10000000,9773602.256,4357.380145,45.69183447,45.69183447,0,217389.8463,2279.567203,2279.567203,0,3.775955663,1.436523547,0.004652204,0.015757718,0.264833618,0.696125032,214.9518984,63.46096465
27,816551244,0,1,-1,1000,0.05,0.05,1,0.938449906,0.968704231,0.885602278,0.578752815,0.578752815,0.578752815,0.578752815,5.15102E-07,3.75664E-06,0.85900273,0.85900273,0,1.677662088,1.574401829,1.625158363,1.485741367,1.677662088,1.574401829,1.625158363,1.485741367,0.02197493,0.007154009,0.015789806,0.015789806,0.97802507,0.992845991,0.968420388,0.984210194,10000000,9780250.702,1522.44254,24.8229723,24.8229723,0,211287.2581,3444.975831,3444.975831,0,7.669324125,1.920152601,0.011789184,0.018666442,0.130389586,0.520791941,84.82351238,53.572074
28,1100949081,0,1,-1,1000,0.05,0.05,1,0.966842969,0.934216942,0.958921685,0.530228989,0.530228989,0.530228989,0.530228989,6.73087E-07,6.20759E-06,0.84528303,0.84528303,0,2.138008187,2.067118182,1.99736347,2.050182413,2.138008187,2.067118182,1.99736347,2.050182413,0.025673902,0.006639348,0.010110674,0.010110674,0.974326098,0.993360652,0.979778652,0.989889326,10000000,9743260.977,1670.110719,17.23444894,17.23444894,0,249877.3028,2578.570131,2578.570131,0,1.891271437,1.941429536,0.015036549,0.015146635,0.528744833,0.515084365,66.50462,66.02126531
29,1921178322,0,1,-1,1000,0.05,0.05,1,0.855248351,0.876464291,0.862348452,0.490138302,0.490138302,0.490138302,0.490138302,5.73593E-07,5.22857E-06,0.877274919,0.877274919,0,2.203053737,1.884158076,1.93089793,1.899799979,2.203053737,1.884158076,1.93089793,1.899799979,0.021346602,0.014290909,0.010402195,0.010402195,0.978653398,0.985709091,0.97919561,0.989597805,10000000,9786533.981,2987.157124,31.73317962,31.73317962,0,206037.8318,2188.781927,2188.781927,0,2.721232916,1.378839967,0.004808372,0.011989623,0.367480488,0.725247327,207.9705906,83.40545478
30,21048016,0,1,-1,1000,0.05,0.05,1,0.9946332,0.997983004,0.876002225,0.467509549,0.467509549,0.467509549,0.467509549,1.24546E-06,5.81476E-06,0.812337602,0.812337602,0,1.847517453,1.837602197,1.843791018,1.6184294,1.847517453,1.837602197,1.843791018,1.6184294,0.026878576,0.012893901,0.010990429,0.010990429,0.973121424,0.987106099,0.978019142,0.989009571,10000000,9731214.245,3389.51782,38.08949451,38.08949451,0,259488.0958,2915.981248,2915.981248,0,2.721265136,1.678407385,0.016891082,0.013225101,0.367476137,0.595802908,59.20283992,75.61378692
31,739497172,0,1,-1,1000,0.05,0.05,1,0.855059634,0.974510137,0.910809565,0.525007703,0.525007703,0.525007703,0.525007703,1.24983E-06,2.84291E-06,0.958669779,0.958669779,0,2.040283619,1.744564165,1.988277069,1.858309836,2.040283619,1.744564165,1.988277069,1.858309836,0.01919972,0.012480341,0.014831997,0.014831997,0.98080028,0.987519659,0.970336006,0.985168003,10000000,9808002.799,2325.110021,35.54029133,35.54029133,0,183976.6874,2812.161578,2812.161578,0,4.682465437,1.353111355,0.018320023,0.003479498,0.213562708,0.739037476,54.58508476,287.3977608
32,663701277,0,1,-1,1000,0.05,0.05,1,0.997621115,0.936369382,0.856933353,0.619399335,0.619399335,0.619399335,0.619399335,1.34337E-06,4.56304E-06,0.973425583,0.973425583,0,1.899387313,1.894868889,1.778528124,1.627648339,1.899387313,1.894868889,1.778528124,1.627648339,0.021020872,0.003359924,0.008495035,0.008495035,0.978979128,0.996640076,0.983009931,0.991504965,10000000,9789791.276,694.285549,5.999918752,5.999918752,0,205942.9779,1779.730454,1779.730454,0,5.944531031,1.801148247,0.008364027,0.011057314,0.168221849,0.555201384,119.5596286,90.43787617
33,1852909376,0,1,-1,1000,0.05,0.05,1,0.89329644,0.99936354,0.873119263,0.473360102,0.473360102,0.473360102,0.473360102,1.27238E-06,3.8161E-06,0.837898876,0.837898876,0,2.408296184,2.151322407,2.4067634,2.102729789,2.408296184,2.151322407,2.4067634,2.102729789,0.022872224,0.005268399,0.010786868,0.010786868,0.977127776,0.994731601,0.978426263,0.989213132,10000000,9771277.758,1179.003699,12.99817687,12.99817687,0,222608.8445,2454.198519,2454.198519,0,1.611256906,1.549498003,0.01009587,0.0028774,0.620633492,0.645370306,99.05040294,347.5359944
34,423021749,0,1,-1,1000,0.05,0.05,1,0.93981758,0.954120336,0.86739719,0.618013355,0.618013355,0.618013355,0.618013355,1.26191E-06,3.18855E-06,0.902096197,0.902096197,0,1.864124443,1.751936923,1.778599041,1.616936304,1.864124443,1.751936923,1.778599041,1.616936304,0.024687483,0.001978591,0.008443563,0.008443563,0.975312517,0.998021409,0.983112873,0.991556437,10000000,9753125.17,480.2156649,4.124380297,4.124380297,0,242225.6075,2080.378871,2080.378871,0,7.385790214,1.646862812,0.013616033,0.016956803,0.135395126,0.60721512,73.44283182,58.97338169
35,2061807076,0,1,-1,1000,0.05,0.05,1,0.916056797,0.877858155,0.973368022,0.565889839,0.565889839,0.565889839,0.565889839,5.40369E-07,4.34317E-06,0.956857828,0.956857828,0,1.842772332,1.68808412,1.617692719,1.793695661,1.842772332,1.68808412,1.617692719,1.793695661,0.022969467,0.003804926,0.011151387,0.011151387,0.977030533,0.996195074,0.977697226,0.988848613,10000000,9770305.331,854.4792175,9.745990952,9.745990952,0,223717.3619,2551.668127,2551.668127,0,5.077312459,1.78237121,0.01386048,0.006549471,0.196954591,0.561050355,72.14757347,152.6840785
36,2195743,0,1,-1,1000,0.05,0.05,1,0.901244407,0.972529036,0.978220897,0.48023106,0.48023106,0.48023106,0.48023106,1.4812E-06,5.91927E-06,0.956886836,0.956886836,0,2.792394846,2.516630238,2.715685066,2.731578991,2.792394846,2.516630238,2.715685066,2.731578991,0.018518675,0.019150049,0.007879075,0.007879075,0.981481325,0.980849951,0.984241849,0.992120925,10000000,9814813.247,3490.451667,27.94184338,27.94184338,0,178778.1005,1431.158532,1431.158532,0,1.704449984,1.162530402,0.010483349,0.014455705,0.586699527,0.860192558,95.38936191,69.17684275
37,1164761261,0,1,-1,1000,0.05,0.05,1,0.944187252,0.973731237,0.982084542,0.534898659,0.534898659,0.534898659,0.534898659,1.1762E-06,6.8917E-06,0.951845601,0.951845601,0,1.695760794,1.601115724,1.651215254,1.665380463,1.695760794,1.601115724,1.651215254,1.665380463,0.023000154,0.010708978,0.01017896,0.01017896,0.976999846,0.989291022,0.97964208,0.98982104,10000000,9769998.458,2412.938178,25.07160723,25.07160723,0,222906.2512,2316.104917,2316.104917,0,6.875573313,1.512260702,0.013813125,0.005727893,0.145442417,0.661261646,72.39491412,174.5842783
38,1645660382,0,1,-1,1000,0.05,0.05,1,0.896111421,0.868540946,0.855118104,0.531996223,0.531996223,0.531996223,0.531996223,1.24561E-06,4.42853E-06,0.939121746,0.939121746,0,2.286972965,2.049382593,1.986329662,1.955631984,2.286972965,2.049382593,1.986329662,1.955631984,0.018656451,0.001761921,0.006783986,0.006783986,0.981343549,0.998238079,0.986432029,0.993216014,10000000,9813435.491,324.2519545,2.229976842,2.229976842,0,183708.9551,1263.42096,1263.42096,0,5.851924642,1.134243613,0.006565444,0.018966543,0.17088395,0.881644815,152.3126122,52.72442109
39,114769359,0,1,-1,1000,0.05,0.05,1,0.943531868,0.967090581,0.955885216,0.609407712,0.609407712,0.609407712,0.609407712,5.13544E-07,6.90788E-06,0.917041107,0.917041107,0,1.851055531,1.746529884,1.790138369,1.769396616,1.851055531,1.746529884,1.790138369,1.769396616,0.021738487,0.006678187,0.016670136,0.016670136,0.978261513,0.993321813,0.966659727,0.983329864,10000000,9782615.13,1403.335545,24.20065107,24.20065107,0,208733.8632,3599.634748,3599.634748,0,7.631837102,1.761725266,0.004349121,0.003083651,0.13103005,0.567625395,229.9315407,324.2908642
40,922659550,0,1,-1,1000,0.05,0.05,1,0.929864571,0.938637227,0.943952046,0.607341806,0.607341806,0.607341806,0.607341806,5.09927E-07,2.84045E-06,0.869559469,0.869559469,0,1.886948845,1.754606879,1.771160433,1.781189224,1.886948845,1.754606879,1.771160433,1.781189224,0.018715481,0.007085328,0.015489808,0.015489808,0.981284519,0.992914672,0.969020385,0.984510192,10000000,9812845.192,1284.972627,20.54030962,20.54030962,0,180071.8515,2878.451654,2878.451654,0,6.247320715,1.987309244,0.004584707,0.015278626,0.160068619,0.503192949,218.1164639,65.45091208
41,760123650,0,1,-1,1000,0.05,0.05,1,0.89444522,0.896113204,0.927169779,0.576051072,0.576051072,0.576051072,0.576051072,1.46571E-06,7.2074E-06,0.889540293,0.889540293,0,2.438356942,2.180976712,2.18504385,2.260770866,2.438356942,2.180976712,2.18504385,2.260770866,0.018633176,0.007439536,0.009176092,0.009176092,0.981366824,0.992560464,0.981647817,0.990823908,10000000,9813668.245,1360.781653,12.72009883,12.72009883,0,181551.3789,1697.077174,1697.077174,0,5.178277486,1.138294908,0.010240283,0.016023435,0.19311441,0.878506961,97.65355385,62.40858916
42,1804855504,0,1,-1,1000,0.05,0.05,1,0.93905676,0.966508265,0.803923124,0.649106636,0.649106636,0.649106636,0.649106636,8.71968E-07,7.24667E-06,0.963528996,0.963528996,0,2.126278935,1.996696609,2.055066164,1.709364803,2.126278935,1.996696609,2.055066164,1.709364803,0.020143455,0.004517963,0.010890296,0.010890296,0.979856545,0.995482037,0.978219407,0.989109704,10000000,9798565.448,890.2518612,9.910973552,9.910973552,0,196156.9366,2183.771015,2183.771015,0,7.540016163,1.492000443,0.013036804,0.011223276,0.13262571,0.670241088,76.7059189,89.10054738
43,1548649601,0,1,-1,1000,0.05,0.05,1,0.981231682,0.977861524,0.986677255,0.494963966,0.494963966,0.494963966,0.494963966,1.38019E-06,7.14178E-06,0.908797744,0.908797744,0,1.736011072,1.703429064,1.697578433,1.712882639,1.736011072,1.703429064,1.697578433,1.712882639,0.020100285,0.01889242,0.007853143,0.007853143,0.979899715,0.98110758,0.984293715,0.992146857,10000000,9798997.148,3737.786856,29.82176251,29.82176251,0,194108.0568,1548.682307,1548.682307,0,7.228571139,1.531097209,0.002767505,0.008804493,0.138339926,0.653126394,361.3363191,113.5783701
44,1969783511,0,1,-1,1000,0.05,0.05,1,0.93414585,0.958330381,0.784159489,0.568225536,0.568225536,0.568225536,0.568225536,5.02541E-07,2.60394E-06,0.871492904,0.871492904,0,2.231277362,2.084338489,2.138300886,1.749677316,2.231277362,2.084338489,2.138300886,1.749677316,0.020825934,0.016550553,0.007468103,0.007468103,0.979174066,0.983449447,0.985063794,0.992531897,10000000,9791740.661,3395.324968,25.74111028,25.74111028,0,201753.4099,1529.561035,1529.561035,0,6.625653524,1.145066547,0.006614908,0.006294022,0.150928508,0.873311689,151.1736767,158.8809301
45,741414456,0,1,-1,1000,0.05,0.05,1,0.962454665,0.867386576,0.883601792,0.488480433,0.488480433,0.488480433,0.488480433,1.01109E-06,3.51773E-06,0.852138721,0.852138721,0,1.693291338,1.629716148,1.468738176,1.49619526,1.693291338,1.629716148,1.468738176,1.49619526,0.027464875,0.016004782,0.009154287,0.009154287,0.972535125,0.983995218,0.981691426,0.990845713,10000000,9725351.25,4315.214515,40.23943888,40.23943888,0,265305.1081,2473.974038,2473.974038,0,5.582486171,1.455796711,0.004417624,0.01719276,0.179131657,0.686909094,226.3660431,58.16401798
46,1523364525,0,1,-1,1000,0.05,0.05,1,0.881422466,0.954063434,0.861723912,0.564419889,0.564419889,0.564419889,0.564419889,1.21486E-06,5.19992E-06,0.979727398,0.979727398,0,1.77500766,1.564531628,1.693469903,1.529566544,1.77500766,1.564531628,1.693469903,1.529566544,0.02078332,9.77137E-05,0.012585143,0.012585143,0.97921668,0.999902286,0.974829714,0.987414857,10000000,9792166.797,19.79698617,0.255580943,0.255580943,0,202582.1849,2615.354956,2615.354956,0,7.046350174,1.79263997,0.003606323,0.003328675,0.141917443,0.557836496,277.2907557,300.4198775
47,238299625,0,1,-1,1000,0.05,0.05,1,0.994897794,0.986975799,0.732320591,0.639282934,0.639282934,0.639282934,0.639282934,1.29726E-06,4.47128E-06,0.838892266,0.838892266,0,1.985734364,1.975602739,1.95987176,1.454194163,1.985734364,1.975602739,1.95987176,1.454194163,0.018773477,0.011096287,0.012552669,0.012552669,0.981226523,0.988903713,0.974894663,0.987447331,10000000,9812265.233,2030.860412,26.14920228,26.14920228,0,180990.7622,2330.423117,2330.423117,0,6.244229599,2.06586462,0.010335644,0.010549192,0.160147859,0.484058825,96.7525582,94.79398997
48,1885358371,0,1,-1,1000,0.05,0.05,1,0.994258266,0.887965228,0.898280985,0.663909858,0.663909858,0.663909858,0.663909858,8.73916E-07,6.36803E-06,0.881581667,0.881581667,0,1.837186266,1.826637632,1.631357522,1.650309489,1.837186266,1.826637632,1.631357522,1.650309489,0.023076789,0.005947002,0.010902942,0.010902942,0.976923211,0.994052998,0.978194117,0.989097058,10000000,9769232.109,1342.451204,14.96294723,14.96294723,0,224393.3419,2501.085867,2501.085867,0,7.356819093,2.106130214,0.011704674,0.009966837,0.135928312,0.474804451,85.43595714,100.3327294
49,1437398609,0,1,-1,1000,0.05,0.05,1,0.985520126,0.97903618,0.960416456,0.548439364,0.548439364,0.548439364,0.548439364,6.14609E-07,4.28532E-06,0.977111144,0.977111144,0,1.854375319,1.827524198,1.81550053,1.780972572,1.854375319,1.827524198,1.81550053,1.780972572,0.020463505,0.003291445,0.009819657,0.009819657,0.979536495,0.996708555,0.980360686,0.990180343,10000000,9795364.95,660.3171103,6.613981756,6.613981756,0,199955.8406,2002.832065,2002.832065,0,3.503689188,1.982478117,0.011592089,0.012252618,0.285413445,0.504419187,86.26573138,81.6152101
50,164029920,0,1,-1,1000,0.05,0.05,1,0.884744328,0.987161141,0.851876248,0.623659249,0.623659249,0.623659249,0.623659249,1.45097E-06,3.58162E-06,0.905232082,0.905232082,0,2.04065013,1.805453628,2.01445051,1.738381375,2.04065013,1.805453628,2.01445051,1.738381375,0.018703599,0.013975285,0.009909962,0.009909962,0.981296401,0.986024715,0.980180075,0.990090038,10000000,9812964.009,2562.074362,25.90346524,25.90346524,0,180766.8778,1827.616172,1827.616172,0,7.188852409,1.677514898,0.003833046,0.01346813,0.139104261,0.596119892,260.8891179,74.24935672
51,767231073,0,1,-1,1000,0.05,0.05,1,0.980899672,0.927661291,0.782623665,0.648305451,0.648305451,0.648305451,0.648305451,1.11813E-06,4.60645E-06,0.889015367,0.889015367,0,2.117758864,2.077308975,1.96456292,1.657408203,2.117758864,2.077308975,1.96456292,1.657408203,0.022544488,0.003722594,0.011722501,0.011722501,0.977455512,0.996277406,0.976554997,0.988277499,10000000,9774555.12,819.5638092,9.837989518,9.837989518,0,219339.76,2632.939907,2632.939907,0,7.75740729,1.522767457,0.00969516,0.004639547,0.128909049,0.656699088,103.1442511,215.5383034
52,1473511604,0,1,-1,1000,0.05,0.05,1,0.876596608,0.914157845,0.856935398,0.562084777,0.562084777,0.562084777,0.562084777,1.28306E-06,5.09881E-06,0.986201469,0.986201469,0,2.140134503,1.876034645,1.956420746,1.833957013,2.140134503,1.876034645,1.956420746,1.833957013,0.020832343,0.006242247,0.008023165,0.008023165,0.979167657,0.993757753,0.983953669,0.991976835,10000000,9791676.571,1279.539633,10.43337548,10.43337548,0,203701.0631,1660.979952,1660.979952,0,6.303777048,1.205690227,0.014016034,0.012760212,0.158635052,0.829400436,71.34686129,78.3686013
53,672292770,0,1,-1,1000,0.05,0.05,1,0.944168264,0.904260321,0.969429659,0.539449035,0.539449035,0.539449035,0.539449035,9.72446E-07,7.23077E-06,0.891953122,0.891953122,0,1.969492403,1.859532223,1.780933833,1.909284348,1.969492403,1.859532223,1.780933833,1.909284348,0.019328411,0.019785168,0.007417045,0.007417045,0.980671589,0.980214832,0.985165911,0.992582955,10000000,9806715.889,3767.430732,28.36395551,28.36395551,0,186649.4865,1405.232931,1405.232931,0,4.922570066,1.429653592,0.015824799,0.009953119,0.203145915,0.699470141,63.19195561,100.4710137
54,239698882,0,1,-1,1000,0.05,0.05,1,0.880726341,0.937079437,0.91387917,0.567513519,0.567513519,0.567513519,0.567513519,7.73912E-07,6.36432E-06,0.931171649,0.931171649,0,1.822734366,1.605330169,1.708046893,1.665758969,1.822734366,1.605330169,1.708046893,1.665758969,0.021949337,0.007132101,0.009170077,0.009170077,0.978050663,0.992867899,0.981659846,0.990829923,10000000,9780506.633,1536.738257,14.35528621,14.35528621,0,213931.087,1998.415781,1998.415781,0,6.679916634,1.648985354,0.007532246,0.00293534,0.149702467,0.606433524,132.7625288,340.676072
55,1340389632,0,1,-1,1000,0.05,0.05,1,0.970288033,0.952915866,0.799669124,0.501779956,0.501779956,0.501779956,0.501779956,1.05232E-06,5.20212E-06,0.891059776,0.891059776,0,1.616979844,1.568936193,1.540845749,1.293048856,1.616979844,1.568936193,1.540845749,1.293048856,0.0270712,0.014632093,0.015004152,0.015004152,0.9729288,0.985367907,0.969991695,0.984995848,10000000,9729287.999,3842.217717,59.43269468,59.43269468,0,258746.1747,4002.371426,4002.371426,0,3.231201236,2.09516465,0.013983487,0.011634931,0.309482427,0.477289458,71.51292166,85.94808029
56,1785866721,0,1,-1,1000,0.05,0.05,1,0.93060616,0.876822326,0.962409952,0.603637784,0.603637784,0.603637784,0.603637784,1.28379E-06,5.8189E-06,0.985229794,0.985229794,0,1.58744178,1.477283099,1.391904393,1.527769768,1.58744178,1.477283099,1.391904393,1.527769768,0.025733813,0.003009665,0.012468884,0.012468884,0.974266187,0.996990335,0.975062232,0.987531116,10000000,9742661.869,755.187284,9.65717082,9.65717082,0,250165.5056,3199.062103,3199.062103,0,6.496592453,2.141599987,0.017509295,0.018350026,0.153926848,0.466940608,57.11252351,54.49583669
57,837468060,0,1,-1,1000,0.05,0.05,1,0.978223145,0.939541331,0.731902263,0.587393623,0.587393623,0.587393623,0.587393623,1.36203E-06,4.93007E-06,0.83636411,0.83636411,0,2.356530642,2.305212816,2.214057937,1.72475011,2.356530642,2.305212816,2.214057937,1.72475011,0.022328171,0.013943349,0.010293013,0.010293013,0.977671829,0.986056651,0.979413974,0.989706987,10000000,9776718.287,3049.204369,32.04518276,32.04518276,0,215636.0251,2266.196357,2266.196357,0,2.309693466,1.791180083,0.004734597,0.00396122,0.432957886,0.558291157,211.2112256,252.4475007
58,804196280,0,1,-1,1000,0.05,0.05,1,0.968244716,0.864325349,0.99862205,0.563049456,0.563049456,0.563049456,0.563049456,6.75517E-07,5.16054E-06,0.888369093,0.888369093,0,1.827937302,1.769890634,1.579932546,1.825418496,1.827937302,1.769890634,1.579932546,1.825418496,0.027292179,0.014221255,0.010144486,0.010144486,0.972707821,0.985778745,0.979711027,0.989855514,10000000,9727078.208,3802.543006,39.37369795,39.37369795,0,263581.9462,2729.277728,2729.277728,0,3.082374004,2.151354278,0.003471152,0.015671588,0.324425264,0.464823488,288.0887984,63.80974152
59,1631581463,0,1,-1,1000,0.05,0.05,1,0.948038525,0.946172107,0.842889501,0.424877249,0.424877249,0.424877249,0.424877249,8.04071E-07,2.56408E-06,0.884025662,0.884025662,0,1.923977251,1.824004554,1.82041361,1.621700224,1.923977251,1.824004554,1.82041361,1.621700224,0.027584269,0.006992959,0.01322645,0.01322645,0.972415731,0.993007041,0.9735471,0.98677355,10000000,9724157.313,1877.930022,25.51324682,25.51324682,0,266667.918,3622.906248,3622.906248,0,2.042182993,1.608265272,0.015860914,0.005114364,0.489672083,0.621787971,63.04806927,195.527723
60,176735549,0,1,-1,1000,0.05,0.05,1,0.972915523,0.853865906,0.804937522,0.559591966,0.559591966,0.559591966,0.559591966,1.3835E-06,4.59691E-06,0.848556502,0.848556502,0,1.606908164,1.563385896,1.372084095,1.293460675,1.606908164,1.563385896,1.372084095,1.293460675,0.024804068,0.015020386,0.014775085,0.014775085,0.975195932,0.984979614,0.97044983,0.985224915,10000000,9751959.318,3615.572591,55.04704192,55.04704192,0,237095.4649,3609.775122,3609.775122,0,4.341976095,2.302550104,0.008655814,0.011563719,0.230309882,0.434301081,115.5292801,86.47737069
61,1561558995,0,1,-1,1000,0.05,0.05,1,0.938977478,0.986615966,0.797943135,0.605743343,0.605743343,0.605743343,0.605743343,9.73927E-07,3.90641E-06,0.914172139,0.914172139,0,2.312903125,2.171763943,2.281947152,1.845565171,2.312903125,2.171763943,2.281947152,1.845565171,0.021683687,0.004243742,0.008323512,0.008323512,0.978316313,0.995756258,0.983352976,0.991676488,10000000,9783163.131,904.8810368,7.65929245,7.65929245,0,212322.2999,1797.184958,1797.184958,0,3.350451595,1.511108631,0.017744926,0.013255782,0.298467228,0.661765792,56.35413723,75.43877703
62,938731528,0,1,-1,1000,0.05,0.05,1,0.936747721,0.96562611,0.726827929,0.510347741,0.510347741,0.510347741,0.510347741,6.16675E-07,6.9886E-06,0.918526515,0.918526515,0,1.803178892,1.689123718,1.741196618,1.310600779,1.803178892,1.689123718,1.741196618,1.310600779,0.021092565,0.013095742,0.008605772,0.008605772,0.978907435,0.986904258,0.982788457,0.991394228,10000000,9789074.352,2714.685723,23.77110238,23.77110238,0,204580.6065,1791.406829,1791.406829,0,4.143104931,1.664802556,0.010468219,0.003371282,0.241364874,0.600671831,95.52723314,296.6230641
63,43167018,0,1,-1,1000,0.05,0.05,1,0.993473755,0.879554411,0.725554474,0.478250616,0.478250616,0.478250616,0.478250616,9.42741E-07,7.02031E-06,0.989402343,0.989402343,0,1.781068065,1.769444378,1.566546272,1.292261902,1.781068065,1.769444378,1.566546272,1.292261902,0.02755675,0.006721175,0.015904127,0.015904127,0.97244325,0.993278825,0.968191745,0.984095873,10000000,9724432.505,1793.224053,29.45662789,29.45662789,0,265008.9498,4353.203945,4353.203945,0,2.099323014,2.307292951,0.017236519,0.01147298,0.476344037,0.433408337,58.01635569,87.16131055
64,1248199287,0,1,-1,1000,0.05,0.05,1,0.884147006,0.927581383,0.950120926,0.554504293,0.554504293,0.554504293,0.554504293,7.62385E-07,4.44702E-06,0.837858111,0.837858111,0,1.865193439,1.649105194,1.73011871,1.772159317,1.865193439,1.649105194,1.73011871,1.772159317,0.021281175,0.002743552,0.015902213,0.015902213,0.978718825,0.997256448,0.968195575,0.984097787,10000000,9787188.249,565.2907024,9.284666385,9.284666385,0,205478.1046,3374.893029,3374.893029,0,5.007726201,1.779180061,0.009486096,0.019223542,0.199691429,0.562056659,105.4174473,52.01954991
65,628227402,0,1,-1,1000,0.05,0.05,1,0.90060807,0.996523605,0.885453711,0.531986281,0.531986281,0.531986281,0.531986281,5.29013E-07,5.4503E-06,0.958065501,0.958065501,0,1.587717566,1.429911252,1.582198033,1.40585041,1.587717566,1.429911252,1.582198033,1.40585041,0.022971447,0.011165905,0.014999998,0.014999998,0.977028553,0.988834095,0.970000004,0.985000002,10000000,9770285.532,2488.020906,38.47454509,38.47454509,0,220335.014,3407.242042,3407.242042,0,6.708328338,1.792112311,0.015059792,0.004794455,0.149068434,0.558000743,66.40197923,208.5742669
66,122420927,0,1,-1,1000,0.05,0.05,1,0.927114142,0.927835662,0.724297115,0.515736701,0.515736701,0.515736701,0.515736701,1.27108E-06,4.43355E-06,0.841606224,0.841606224,0,1.94492084,1.803163616,1.804566914,1.408700554,1.94492084,1.803163616,1.804566914,1.408700554,0.019132608,0.019230135,0.015618993,0.015618993,0.980867392,0.980769865,0.968762014,0.984381007,10000000,9808673.916,3564.294805,57.46581169,57.46581169,0,181785.1473,2930.854941,2930.854941,0,3.499980744,1.698896784,0.011384598,0.014653313,0.285715858,0.588617278,87.83796878,68.2439507
67,1017955201,0,1,-1,1000,0.05,0.05,1,0.953052789,0.935188933,0.828838081,0.50976427,0.50976427,0.50976427,0.50976427,7.59673E-07,5.47195E-06,0.836713332,0.836713332,0,1.67724957,1.598507381,1.568545235,1.390168314,1.67724957,1.598507381,1.568545235,1.390168314,0.025615741,0.00267072,0.012146608,0.012146608,0.974384259,0.99732928,0.975706785,0.987853392,10000000,9743842.595,667.5050032,8.309792959,8.309792959,0,249267.0134,3103.133704,3103.133704,0,3.051316743,2.103912205,0.014822426,0.015800836,0.327727366,0.475305004,67.46533981,63.287792
68,1072778257,0,1,-1,1000,0.05,0.05,1,0.966496757,0.897902958,0.868984481,0.529989293,0.529989293,0.529989293,0.529989293,1.48762E-06,3.19746E-06,0.923414621,0.923414621,0,1.816946978,1.756073362,1.631442066,1.578898728,1.816946978,1.756073362,1.631442066,1.578898728,0.021488884,0.012299818,0.012021742,0.012021742,0.978511116,0.987700182,0.975956516,0.987978258,10000000,9785111.157,2579.544542,31.77459024,31.77459024,0,207142.6223,2551.563595,2551.563595,0,7.859988892,1.331000225,0.011637124,0.004317372,0.127226643,0.751314674,85.93188743,231.6223789
69,1054947485,0,1,-1,1000,0.05,0.05,1,0.883155771,0.958475339,0.801645014,0.648911622,0.648911622,0.648911622,0.648911622,7.93378E-07,4.21755E-06,0.924953817,0.924953817,0,1.80835925,1.597062907,1.733267746,1.449662176,1.80835925,1.597062907,1.733267746,1.449662176,0.024393301,0.018760342,0.014705687,0.014705687,0.975606699,0.981239658,0.970588626,0.985294313,10000000,9756066.99,4441.672509,67.29714683,67.29714683,0,232316.9323,3519.905323,3519.905323,0,7.164135984,2.011550827,0.014993219,0.006277274,0.139584173,0.497128875,66.69681958,159.3048115
70,1047564868,0,1,-1,1000,0.05,0.05,1,0.974199302,0.943235874,0.729049106,0.476395705,0.476395705,0.476395705,0.476395705,8.30609E-07,6.44301E-06,0.923897641,0.923897641,0,2.294435897,2.23523785,2.16419425,1.67275644,2.294435897,2.23523785,2.16419425,1.67275644,0.019219527,0.012920484,0.007388877,0.007388877,0.980780473,0.987079516,0.985222247,0.992611123,10000000,9807804.73,2446.558928,18.34847136,18.34847136,0,186908.4971,1401.758677,1401.758677,0,3.28834677,1.106379613,0.008034289,0.00917552,0.304104181,0.903848903,124.4665187,108.9856442
71,972852264,0,1,-1,1000,0.05,0.05,1,0.931145065,0.862201899,0.740249336,0.579445625,0.579445625,0.579445625,0.579445625,1.36711E-06,5.82379E-06,0.8817898,0.8817898,0,1.983135729,1.846587047,1.709863391,1.468014906,1.983135729,1.846587047,1.709863391,1.468014906,0.026215377,0.001657144,0.010295745,0.010295745,0.973784623,0.998342856,0.97940851,0.989704255,10000000,9737846.228,425.4810739,4.472745202,4.472745202,0,256330.1538,2694.595684,2694.595684,0,3.878168925,1.711626026,0.005127621,0.012148508,0.257853647,0.584239772,195.0222013,82.31463206
72,132604694,0,1,-1,1000,0.05,0.05,1,0.936985533,0.891572148,0.971319439,0.393528141,0.393528141,0.393528141,0.393528141,6.5469E-07,6.80126E-06,0.859874405,0.859874405,0,2.073579275,1.942913782,1.848745528,2.014107858,2.073579275,1.942913782,1.848745528,2.014107858,0.023922907,0.014250193,0.014424371,0.014424371,0.976077093,0.985749807,0.971151257,0.985575629,10000000,9760770.934,3310.713315,49.17355314,49.17355314,0,229016.8945,3401.555303,3401.555303,0,1.551425056,1.776728984,0.004012798,0.010685338,0.64456868,0.562832041,249.2026724,93.58618274
73,1016066737,0,1,-1,1000,0.05,0.05,1,0.960520934,0.882825357,0.782477049,0.40472995,0.40472995,0.40472995,0.40472995,7.30456E-07,4.33936E-06,0.927806104,0.927806104,0,2.210135162,2.12288109,1.951163363,1.72938004,2.210135162,2.12288109,1.951163363,1.72938004,0.019807361,0.000639134,0.00874609,0.00874609,0.980192639,0.999360866,0.982507821,0.99125391,10000000,9801926.392,124.3810641,1.107215563,1.107215563,0,194484.4882,1731.26234,1731.26234,0,2.011014262,1.34416219,0.012838327,0.002764741,0.497261516,0.74395784,77.89176936,361.6974991
74,340466781,0,1,-1,1000,0.05,0.05,1,0.997169115,0.862623954,0.834618116,0.677256271,0.677256271,0.677256271,0.677256271,8.88886E-07,5.24447E-06,0.831215872,0.831215872,0,2.1030765,2.097122932,1.814164167,1.755265746,2.1030765,2.097122932,1.814164167,1.755265746,0.022227864,0.00628615,0.008895054,0.008895054,0.977772136,0.99371385,0.982209893,0.991104946,10000000,9777721.361,1372.41919,12.42885307,12.42885307,0,216951.8594,1964.751589,1964.751589,0,5.714497967,1.899029302,0.012133787,0.017125541,0.1749935,0.526584818,82.41449757,58.39231725
75,1046852254,0,1,-1,1000,0.05,0.05,1,0.851262683,0.877770759,0.99942134,0.599666782,0.599666782,0.599666782,0.599666782,1.05126E-06,5.5198E-06,0.940017297,0.940017297,0,1.866849845,1.589179608,1.638666205,1.865769574,1.866849845,1.589179608,1.638666205,1.865769574,0.019386694,0.000987986,0.015399292,0.015399292,0.980613306,0.999012014,0.969201415,0.984600708,10000000,9806133.064,185.6386944,2.949546374,2.949546374,0,187710.4701,2982.464073,2982.464073,0,5.595773873,1.871963853,0.015741298,0.015216926,0.178706292,0.534198349,63.52716472,65.71629725
76,1768619462,0,1,-1,1000,0.05,0.05,1,0.967392538,0.85219381,0.877634255,0.552150255,0.552150255,0.552150255,0.552150255,8.13902E-07,3.12432E-06,0.931692956,0.931692956,0,1.640518734,1.587025582,1.39803991,1.439775437,1.640518734,1.587025582,1.39803991,1.439775437,0.023027226,0.004342308,0.009866651,0.009866651,0.976972774,0.995657692,0.980266698,0.990133349,10000000,9769727.744,980.1815189,9.865793714,9.865793714,0,224748.0421,2262.150202,2262.150202,0,5.076846231,2.104062039,0.014004955,0.014725756,0.196972678,0.475271157,71.40330215,67.90822909
77,2023828250,0,1,-1,1000,0.05,0.05,1,0.853322441,0.865180349,0.789847485,0.607784314,0.607784314,0.607784314,0.607784314,1.17323E-06,5.30666E-06,0.848788706,0.848788706,0,1.778536129,1.517664792,1.53875451,1.404772289,1.778536129,1.517664792,1.53875451,1.404772289,0.021145908,0.005899315,0.014748427,0.014748427,0.978854092,0.994100685,0.970503147,0.985251573,10000000,9788540.92,1210.667436,18.39812684,18.39812684,0,204011.0351,3100.290624,3100.290624,0,6.223082852,1.998586189,0.010262547,0.01566012,0.160692059,0.500353703,97.44169866,63.85647238
78,953933456,0,1,-1,1000,0.05,0.05,1,0.911026258,0.971776432,0.784643909,0.606697523,0.606697523,0.606697523,0.606697523,1.27499E-06,4.83709E-06,0.884817396,0.884817396,0,1.822104303,1.659984864,1.770678017,1.429703043,1.822104303,1.659984864,1.770678017,1.429703043,0.02389752,0.018273165,0.012792883,0.012792883,0.97610248,0.981726835,0.974414234,0.987207117,10000000,9761024.802,4255.104548,55.86438817,55.86438817,0,228605.7302,3001.317385,3001.317385,0,5.805768537,1.660741751,0.014486596,0.012651283,0.172242485,0.602140579,69.02932702,79.04336489
79,1394695762,0,1,-1,1000,0.05,0.05,1,0.995208373,0.873696167,0.74019548,0.564237301,0.564237301,0.564237301,0.564237301,1.449E-06,2.88327E-06,0.948500478,0.948500478,0,1.713415678,1.705205629,1.49700471,1.26826254,1.713415678,1.705205629,1.49700471,1.26826254,0.025686105,0.004927326,0.015003299,0.015003299,0.974313895,0.995072674,0.969993403,0.984996701,10000000,9743138.945,1227.660578,18.98874575,18.98874575,0,247925.8682,3834.774335,3834.774335,0,3.177971905,2.530504068,0.014515213,0.011608506,0.314666092,0.395178183,68.89323869,86.14372681
80,133778302,0,1,-1,1000,0.05,0.05,1,0.996139884,0.95059719,0.911381936,0.641479865,0.641479865,0.641479865,0.641479865,1.24641E-06,3.96572E-06,0.943164305,0.943164305,0,2.429350668,2.419973092,2.309333918,2.214066316,2.429350668,2.419973092,2.309333918,2.214066316,0.018584926,0.005522609,0.010069097,0.010069097,0.981415074,0.994477391,0.979861806,0.989930903,10000000,9814150.739,1005.703547,10.33464747,10.33464747,0,181100.8888,1860.999543,1860.999543,0,3.357438614,1.822441167,0.004102738,0.014953522,0.297846101,0.548714558,243.7396508,66.87387795
81,141131524,0,1,-1,1000,0.05,0.05,1,0.979374683,0.86259801,0.773509975,0.38148535,0.38148535,0.38148535,0.38148535,6.01605E-07,4.08354E-06,0.814348268,0.814348268,0,2.393209923,2.343849209,2.064378117,1.851171747,2.393209923,2.343849209,2.064378117,1.851171747,0.024072401,0.012044126,0.010389611,0.010389611,0.975927599,0.987955874,0.979220778,0.989610389,10000000,9759275.989,2839.065001,30.12270775,30.12270775,0,232882.8886,2470.906159,2470.906159,0,1.058911214,1.82734991,0.009616986,0.006050063,0.944366239,0.547240567,103.982686,165.2875353
82,1409562630,0,1,-1,1000,0.05,0.05,1,0.901129671,0.892713426,0.925329701,0.410354583,0.410354583,0.410354583,0.410354583,6.11606E-07,5.63011E-06,0.811961234,0.811961234,0,2.442815553,2.201293575,2.180734242,2.260409784,2.442815553,2.201293575,2.180734242,2.260409784,0.020127949,0.008253844,0.011995412,0.011995412,0.979872051,0.991746156,0.976009176,0.988004588,10000000,9798720.51,1621.472753,19.92833084,19.92833084,0,194829.1565,2394.502085,2394.502085,0,1.429764203,1.503357211,0.016485832,0.003231118,0.699416028,0.665177905,60.65814393,309.4904236
83,939186698,0,1,-1,1000,0.05,0.05,1,0.976604084,0.989939976,0.924408373,0.533071234,0.533071234,0.533071234,0.533071234,1.00918E-06,2.86167E-06,0.956830908,0.956830908,0,1.636187548,1.597907442,1.619727462,1.51250547,1.636187548,1.597907442,1.619727462,1.51250547,0.021485916,0.008665451,0.015416666,0.015416666,0.978514084,0.991334549,0.969166669,0.984583334,10000000,9785140.837,1804.444425,28.70354226,28.70354226,0,206429.895,3283.708343,3283.708343,0,5.753327747,1.998213544,0.008835137,0.014239886,0.173812451,0.500447013,113.1844355,70.22527939
84,2003805574,0,1,-1,1000,0.05,0.05,1,0.926313244,0.907316392,0.85743369,0.539695951,0.539695951,0.539695951,0.539695951,5.00492E-07,4.44792E-06,0.938743611,0.938743611,0,1.961691657,1.817140962,1.779874996,1.682020516,1.961691657,1.817140962,1.779874996,1.682020516,0.026000253,0.015422436,0.015256149,0.015256149,0.973999747,0.984577564,0.969487702,0.984743851,10000000,9739997.471,3887.521825,61.17520884,61.17520884,0,248181.7322,3905.462138,3905.462138,0,2.301371585,1.975813771,0.010749004,0.009742921,0.434523484,0.506120574,93.03187191,102.6386267
85,984674337,0,1,-1,1000,0.05,0.05,1,0.95746814,0.980620815,0.753639303,0.527638632,0.527638632,0.527638632,0.527638632,1.44128E-06,4.30706E-06,0.922596331,0.922596331,0,2.214425514,2.120241877,2.171511753,1.6688781,2.214425514,2.120241877,2.171511753,1.6688781,0.022606592,0.009574909,0.017764788,0.017764788,0.977393408,0.990425091,0.964470424,0.982235212,10000000,9773934.081,2087.654744,38.45296126,38.45296126,0,215946.2381,3977.560155,3977.560155,0,1.943346124,1.827075029,0.0057777,0.011778586,0.514576373,0.547322898,173.0792621,84.89983729
86,366348034,0,1,-1,1000,0.05,0.05,1,0.948354048,0.996482813,0.841626745,0.606683877,0.606683877,0.606683877,0.606683877,1.48897E-06,2.88108E-06,0.86920166,0.86920166,0,2.178333034,2.06583095,2.170671428,1.833343341,2.178333034,2.06583095,2.170671428,1.833343341,0.021705404,0.015217854,0.005987466,0.005987466,0.978294596,0.984782146,0.988025068,0.994012534,10000000,9782945.96,3263.54231,19.77717979,19.77717979,0,211191.29,1279.826556,1279.826556,0,7.169061919,1.280134054,0.015778644,0.00628234,0.139488264,0.781168189,63.37680332,159.1763576
87,618178995,0,1,-1,1000,0.05,0.05,1,0.980450649,0.962574154,0.834134697,0.47471195,0.47471195,0.47471195,0.47471195,7.69603E-07,5.61899E-06,0.938837675,0.938837675,0,1.570119548,1.53942473,1.511356496,1.309691194,1.570119548,1.53942473,1.511356496,1.309691194,0.026790908,0.019116693,0.01292067,0.01292067,0.973209092,0.980883307,0.97415866,0.98707933,10000000,9732090.922,4989.188211,66.17367075,66.17367075,0,255996.7601,3395.391114,3395.391114,0,3.80628996,1.916735506,0.014004727,0.008671619,0.262723022,0.521720392,71.40446026,115.3187147
88,2075484012,0,1,-1,1000,0.05,0.05,1,0.981642097,0.917063744,0.736488806,0.582190761,0.582190761,0.582190761,0.582190761,1.17882E-06,6.36771E-06,0.815831414,0.815831414,0,2.39772269,2.35370553,2.198864548,1.765895921,2.39772269,2.35370553,2.198864548,1.765895921,0.019102333,0.00752417,0.013922009,0.013922009,0.980897667,0.99247583,0.972155982,0.986077991,10000000,9808976.672,1397.272013,20.00999232,20.00999232,0,184307.1989,2639.418524,2639.418524,0,2.519731308,1.606193207,0.006056753,0.003631121,0.396867712,0.622590107,165.1049674,275.3970755
89,43275189,0,1,-1,1000,0.05,0.05,1,0.902967064,0.980906036,0.858287867,0.465217311,0.465217311,0.465217311,0.465217311,8.133E-07,4.8004E-06,0.957871596,0.957871596,0,1.7027665,1.537542068,1.670253937,1.461463827,1.7027665,1.537542068,1.670253937,1.461463827,0.022878649,0.012831046,0.012518977,0.012518977,0.977121351,0.987168954,0.974962045,0.987481023,10000000,9771213.506,2862.069265,36.75033328,36.75033328,0,220196.0789,2827.422588,2827.422588,0,4.809022179,1.470603234,0.015821826,0.012555677,0.20794248,0.679993064,63.20382817,79.64524508
90,1680429121,0,1,-1,1000,0.05,0.05,1,0.991881115,0.995360278,0.734818602,0.591212521,0.591212521,0.591212521,0.591212521,1.3692E-06,3.61916E-06,0.976382883,0.976382883,0,2.31701015,2.298198612,2.306259868,1.702582159,2.31701015,2.298198612,2.306259868,1.702582159,0.024769042,0.015778024,0.009106597,0.009106597,0.975230958,0.984221976,0.981786806,0.990893403,10000000,9752309.578,3836.887114,35.58917763,35.58917763,0,239342.3007,2220.027695,2220.027695,0,2.717461484,1.462382742,0.016683022,0.010094437,0.367990496,0.68381551,59.94117996,99.06446926
91,1725956145,0,1,-1,1000,0.05,0.05,1,0.907194109,0.937200468,0.866309328,0.632455678,0.632455678,0.632455678,0.632455678,9.67582E-07,4.09348E-06,0.842055378,0.842055378,0,2.167727139,1.966549291,2.03159489,1.87792224,2.167727139,1.966549291,2.03159489,1.87792224,0.021218991,0.004657009,0.014386485,0.014386485,0.978781009,0.995342991,0.971227029,0.985613515,10000000,9787810.092,959.7377807,14.21629869,14.21629869,0,205124.8365,3038.450712,3038.450712,0,3.514102069,1.931667515,0.01059561,0.015454389,0.284567716,0.517687434,94.37871044,64.7065366
92,1584652853,0,1,-1,1000,0.05,0.05,1,0.969035721,0.997793394,0.80636268,0.467659188,0.467659188,0.467659188,0.467659188,5.74826E-07,7.131E-06,0.823501615,0.823501615,0,1.559700966,1.51140595,1.556259321,1.25768465,1.559700966,1.51140595,1.556259321,1.25768465,0.024748313,0.011146663,0.009711029,0.009711029,0.975251687,0.988853337,0.980577943,0.990288971,10000000,9752516.873,2705.033054,26.78895007,26.78895007,0,239971.4621,2376.526789,2376.526789,0,7.277374109,1.510165606,0.013594757,0.009356459,0.137412202,0.662179033,73.55776765,106.8780347
93,1751485594,0,1,-1,1000,0.05,0.05,1,0.980311993,0.999012057,0.813707178,0.475839217,0.475839217,0.475839217,0.475839217,1.14986E-06,4.71065E-06,0.843368793,0.843368793,0,2.742512475,2.688517869,2.739803029,2.231602087,2.742512475,2.688517869,2.739803029,2.231602087,0.021167953,0.010742703,0.014670174,0.014670174,0.978832047,0.989257297,0.970659653,0.985329826,10000000,9788320.468,2207.290159,33.36012739,33.36012739,0,203261.491,3072.015342,3072.015342,0,1.056357261,1.873771631,0.018363123,0.012146263,0.946649431,0.533682965,54.45696851,82.3298506
94,2010357503,0,1,-1,1000,0.05,0.05,1,0.946700434,0.908349583,0.847202601,0.600557008,0.600557008,0.600557008,0.600557008,1.17127E-06,6.98379E-06,0.875392711,0.875392711,0,1.842818428,1.744597006,1.67392335,1.561240565,1.842818428,1.744597006,1.67392335,1.561240565,0.021106732,0.017645922,0.012545906,0.012545906,0.978893268,0.982354078,0.974908189,0.987454094,10000000,9788932.679,3631.023614,46.72694337,46.72694337,0,202140.2355,2601.303748,2601.303748,0,3.78289537,2.268184431,0.018657928,0.002834239,0.264347782,0.440881256,53.59651891,352.8284052
95,1751281183,0,1,-1,1000,0.05,0.05,1,0.976122018,0.873012963,0.783630902,0.344978146,0.344978146,0.344978146,0.344978146,9.02818E-07,3.05094E-06,0.982589253,0.982589253,0,4.56014426,4.451257218,3.98106505,3.573469959,4.56014426,4.451257218,3.98106505,3.573469959,0.019451075,0.002037565,0.010647866,0.010647866,0.980548925,0.997962435,0.978704268,0.989352134,10000000,9805489.252,387.8881863,4.220050578,4.220050578,0,189980.6112,2066.904372,2066.904372,0,0.418400918,1.495214488,0.009770793,0.005412995,2.390052118,0.668800368,102.3458356,184.7406125
96,1392418444,0,1,-1,1000,0.05,0.05,1,0.958237473,0.957809972,0.723249764,0.545256224,0.545256224,0.545256224,0.545256224,6.87461E-07,7.16804E-06,0.967173906,0.967173906,0,1.999161441,1.915671408,1.914816763,1.44589304,1.999161441,1.915671408,1.914816763,1.44589304,0.022835968,0.007554261,0.010717415,0.010717415,0.977164032,0.992445739,0.97856517,0.989282585,10000000,9771640.32,1688.111622,18.48849046,18.48849046,0,221776.7177,2428.93697,2428.93697,0,7.161491989,1.304508255,0.006712884,0.018353197,0.139635707,0.766572382,148.9672755,54.48642122
97,1544534674,0,1,-1,1000,0.05,0.05,1,0.887519945,0.977000572,0.734410645,0.56502723,0.56502723,0.56502723,0.56502723,6.43158E-07,6.06536E-06,0.866273003,0.866273003,0,1.922907683,1.706618921,1.878681906,1.412203872,1.922907683,1.706618921,1.878681906,1.412203872,0.020546005,0.002779212,0.009481244,0.009481244,0.979453995,0.997220788,0.981037511,0.990518756,10000000,9794539.948,560.1892188,5.413952912,5.413952912,0,201003.8284,1942.603009,1942.603009,0,4.069818887,1.808006347,0.016647048,0.008740604,0.24571118,0.553095403,60.07071104,114.4085733
98,2031941664,0,1,-1,1000,0.05,0.05,1,0.914506639,0.880819881,0.913200892,0.496375997,0.496375997,0.496375997,0.496375997,1.11478E-06,6.07645E-06,0.832561988,0.832561988,0,1.666007955,1.523575335,1.467452928,1.52139995,1.666007955,1.523575335,1.467452928,1.52139995,0.025172142,0.011885083,0.012628521,0.012628521,0.974827858,0.988114917,0.974742958,0.987371479,10000000,9748278.585,2916.16779,37.78112524,37.78112524,0,242447.5093,3141.088021,3141.088021,0,7.610149717,1.427722554,0.017854864,0.004045493,0.131403459,0.700416196,56.00714585,247.1886916
99,593621414,0,1,-1,1000,0.05,0.05,1,0.880660824,0.896092999,0.919954051,0.415772159,0.415772159,0.415772159,0.415772159,1.17749E-06,2.87305E-06,0.922795403,0.922795403,0,2.301121447,2.026507511,2.06201882,2.116925997,2.301121447,2.026507511,2.06201882,2.116925997,0.021355418,0.010544583,0.008627421,0.008627421,0.978644582,0.989455417,0.982745157,0.991372579,10000000,9786445.824,2212.984572,19.42757023,19.42757023,0,207656.348,1822.994311,1822.994311,0,1.895491934,1.280871533,0.015569027,0.007746787,0.527567531,0.780718421,64.23009147,129.0857783
100,1698486608,0,1,-1,1000,0.05,0.05,1,0.972631309,0.852450932,0.963537441,0.577393088,0.577393088,0.577393088,0.577393088,6.35161E-07,4.91503E-06,0.858849595,0.858849595,0,2.241987635,2.180627369,1.91118445,2.16023903,2.241987635,2.180627369,1.91118445,2.16023903,0.024994972,0.00907187,0.012291404,0.012291404,0.975005028,0.99092813,0.975417191,0.987708596,10000000,9750050.283,2211.769533,27.87089847,27.87089847,0,241593.4816,3044.362125,3044.362125,0,2.13591885,2.041134185,0.004962585,0.012230564,0.468182581,0.489923694,201.5078978,81.76237622
101,1034189250,0,1,-1,1000,0.05,0.05,1,0.89305531,0.857871914,0.81324895,0.648670917,0.648670917,0.648670917,0.648670917,1.26939E-06,5.23677E-06,0.86702895,0.86702895,0,1.901470292,1.698118141,1.631217959,1.546368719,1.901470292,1.698118141,1.631217959,1.546368719,0.022091416,0.018651286,0.011926265,0.011926265,0.977908584,0.981348714,0.976147469,0.988073735,10000000,9779085.842,4022.052699,49.14018556,49.14018556,0,211622.7432,2585.54068,2585.54068,0,6.794978258,2.062281579,0.012619504,0.009742127,0.147167505,0.484899836,79.24241668,102.6469858
102,785813748,0,1,-1,1000,0.05,0.05,1,0.974884009,0.874382201,0.769818314,0.499584941,0.499584941,0.499584941,0.499584941,1.11301E-06,6.46604E-06,0.831954221,0.831954221,0,1.595209478,1.555144211,1.394822775,1.228021471,1.595209478,1.555144211,1.394822775,1.228021471,0.02434512,0.002737334,0.012392855,0.012392855,0.97565488,0.997262666,0.97521429,0.987607145,10000000,9756548.802,649.889832,8.258688017,8.258688017,0,236767.1976,3008.796755,3008.796755,0,7.397896336,1.490104878,0.005237395,0.007088041,0.135173562,0.671093703,190.9345982,141.0827142
103,2028173228,0,1,-1,1000,0.05,0.05,1,0.982383152,0.970617122,0.88624061,0.525493356,0.525493356,0.525493356,0.525493356,1.0216E-06,5.17705E-06,0.853809942,0.853809942,0,2.327331535,2.28633129,2.258947837,2.062575719,2.327331535,2.28633129,2.258947837,2.062575719,0.018785994,0.003765699,0.008574229,0.008574229,0.981214006,0.996234301,0.982851543,0.991425771,10000000,9812140.058,695.2927755,6.065615105,6.065615105,0,183943.1408,1604.688461,1604.688461,0,1.91433699,2.028542036,0.011234182,0.012079556,0.522374068,0.492964889,89.01404883,82.78450016
104,1956280360,0,1,-1,1000,0.05,0.05,1,0.926884005,0.86034801,0.983455641,0.569902737,0.569902737,0.569902737,0.569902737,9.03543E-07,2.96039E-06,0.958766127,0.958766127,0,1.721460216,1.59559394,1.48105487,1.69297976,1.721460216,1.59559394,1.48105487,1.69297976,0.025356355,0.014112096,0.009762576,0.009762576,0.974643645,0.985887904,0.980474848,0.990237424,10000000,9746436.453,3508.446055,34.93355499,34.93355499,0,245104.2339,2440.499896,2440.499896,0,5.256155151,1.67092646,0.010515974,0.019125352,0.190253136,0.598470384,95.09342321,52.28661839
105,598184822,0,1,-1,1000,0.05,0.05,1,0.897919509,0.940410026,0.873633739,0.572275117,0.572275117,0.572275117,0.572275117,8.01119E-07,6.73499E-06,0.855586733,0.855586733,0,1.689318849,1.516872351,1.588652382,1.475845942,1.689318849,1.516872351,1.588652382,1.475845942,0.02585058,0.001936493,0.00959272,0.00959272,0.97414942,0.998063507,0.98081456,0.99040728,10000000,9741494.195,490.9905886,4.80206503,4.80206503,0,253055.2666,2474.971771,2474.971771,0,5.34467828,1.826021892,0.013659265,0.007750819,0.187102001,0.54763856,73.21038253,129.0186316
106,1349086590,0,1,-1,1000,0.05,0.05,1,0.979148483,0.884750351,0.809078058,0.578347047,0.578347047,0.578347047,0.578347047,9.18026E-07,7.28524E-06,0.942657045,0.942657045,0,1.603212475,1.569783063,1.4184428,1.297124037,1.603212475,1.569783063,1.4184428,1.297124037,0.022179788,0.012043186,0.014605391,0.014605391,0.977820212,0.987956814,0.970789218,0.985394609,10000000,9778202.121,2593.126674,39.01323578,39.01323578,0,212725.8624,3200.431476,3200.431476,0,7.445487026,1.843887942,0.010341749,0.010522089,0.134309548,0.542332306,96.69544218,95.03816382
107,1197682387,0,1,-1,1000,0.05,0.05,1,0.851509955,0.875721726,0.739211281,0.481414196,0.481414196,0.481414196,0.481414196,6.17252E-07,6.81615E-06,0.848637927,0.848637927,0,2.095596623,1.784421386,1.835159491,1.549088663,2.095596623,1.784421386,1.835159491,1.549088663,0.019470261,0.019475278,0.010596444,0.010596444,0.980529739,0.980524722,0.978807111,0.989403556,10000000,9805297.393,3711.52634,40.18052359,40.18052359,0,186864.7696,2022.974807,2022.974807,0,5.458579836,1.148836327,0.003048443,0.012383308,0.183197834,0.870446012,328.0363621,80.75386818
108,1837292324,0,1,-1,1000,0.05,0.05,1,0.927938357,0.86439589,0.767271029,0.510255937,0.510255937,0.510255937,0.510255937,8.73015E-07,7.27189E-06,0.810646893,0.810646893,0,1.839482817,1.706926663,1.590041386,1.411381874,1.839482817,1.706926663,1.590041386,1.411381874,0.023655899,0.008702325,0.008157351,0.008157351,0.976344101,0.991297675,0.983685298,0.991842649,10000000,9763441.011,2025.027526,16.79282988,16.79282988,0,230674.5717,1912.901821,1912.901821,0,6.994991563,1.418408292,0.003630757,0.011219291,0.142959429,0.705015619,275.4246389,89.13219343
109,1021025215,0,1,-1,1000,0.05,0.05,1,0.978481811,0.902172746,0.82197941,0.493985139,0.493985139,0.493985139,0.493985139,8.75264E-07,5.55137E-06,0.864303553,0.864303553,0,1.636949407,1.60172522,1.476811142,1.345538707,1.636949407,1.60172522,1.476811142,1.345538707,0.024675387,0.011568791,0.007258219,0.007258219,0.975324613,0.988431209,0.985483562,0.992741781,10000000,9753246.127,2813.204725,20.7196311,20.7196311,0,240358.6815,1770.274011,1770.274011,0,5.022593362,1.716754268,0.005529357,0.015651204,0.199100331,0.582494547,180.8528539,63.89284852
110,966677732,0,1,-1,1000,0.05,0.05,1,0.935065715,0.870346305,0.887985815,0.53098645,0.53098645,0.53098645,0.53098645,1.3682E-06,2.86329E-06,0.82022286,0.82022286,0,1.744971487,1.631663011,1.518729486,1.549509927,1.744971487,1.631663011,1.518729486,1.549509927,0.025958612,0.002096542,0.009575467,0.009575467,0.974041388,0.997903458,0.980849065,0.990424533,10000000,9740413.876,533.8105303,5.211286324,5.211286324,0,254080.9968,2480.447178,2480.447178,0,6.481502362,1.571094872,0.011694107,0.007860226,0.154285217,0.6364988,85.51315714,127.2228083
111,316498045,0,1,-1,1000,0.05,0.05,1,0.85409499,0.94178144,0.788847116,0.500753905,0.500753905,0.500753905,0.500753905,1.44196E-06,7.26724E-06,0.885130559,0.885130559,0,2.057497057,1.757297929,1.937712542,1.62305062,2.057497057,1.757297929,1.937712542,1.62305062,0.023578301,0.017612533,0.012904467,0.012904467,0.976421699,0.982387467,0.974191066,0.987095533,10000000,9764216.988,4045.558268,53.58884441,53.58884441,0,225652.1452,2989.065266,2989.065266,0,2.847151072,1.358399018,0.019212334,0.004882706,0.351228289,0.73616072,52.04989769,204.8044691
112,1191985770,0,1,-1,1000,0.05,0.05,1,0.991098183,0.850118643,0.739861903,0.63510002,0.63510002,0.63510002,0.63510002,6.9663E-07,5.17676E-06,0.957755943,0.957755943,0,1.814748489,1.79859393,1.542751523,1.34266327,1.814748489,1.79859393,1.542751523,1.34266327,0.020978021,0.013175624,0.01006278,0.01006278,0.979021979,0.986824376,0.979874441,0.98993722,10000000,9790219.793,2708.358358,27.81337317,27.81337317,0,202849.9046,2083.158633,2083.158633,0,6.753448425,2.24119373,0.010569982,0.005034018,0.148072501,0.44619079,94.60753967,198.6484711
113,296964140,0,1,-1,1000,0.05,0.05,1,0.853248173,0.874260333,0.944417825,0.454825692,0.454825692,0.454825692,0.454825692,1.32819E-06,5.63968E-06,0.863364743,0.863364743,0,2.217349976,1.891949815,1.938541127,2.094104842,2.217349976,1.891949815,1.938541127,2.094104842,0.018664823,0.018470366,0.0097871,0.0097871,0.981335177,0.981529634,0.9804258,0.9902129,10000000,9813351.775,3379.979802,33.7406464,33.7406464,0,179614.7558,1793.004195,1793.004195,0,3.313326812,1.210933923,0.004369851,0.007238886,0.301811459,0.825808891,228.8407529,138.1427984
114,421676155,0,1,-1,1000,0.05,0.05,1,0.966447434,0.989470173,0.862466078,0.396586375,0.396586375,0.396586375,0.396586375,7.39629E-07,7.45829E-06,0.970318884,0.970318884,0,3.82427627,3.695961988,3.784007301,3.298308557,3.82427627,3.695961988,3.784007301,3.298308557,0.019213563,0.018646427,0.011752981,0.011752981,0.980786437,0.981353573,0.976494037,0.988247019,10000000,9807864.372,3498.429407,42.10673508,42.10673508,0,184120.8654,2216.059723,2216.059723,0,0.55552973,1.904381644,0.007284833,0.01567801,1.800083677,0.52510483,137.2715032,63.78360316
115,946121682,0,1,-1,1000,0.05,0.05,1,0.883582953,0.987162442,0.915487646,0.581493575,0.581493575,0.581493575,0.581493575,5.33188E-07,6.72312E-06,0.874285711,0.874285711,0,1.506074916,1.330742122,1.486740593,1.37879298,1.506074916,1.330742122,1.486740593,1.37879298,0.026719567,0.000494031,0.018145131,0.018145131,0.973280433,0.999505969,0.963709738,0.981854869,10000000,9732804.33,127.2125295,2.395210858,2.395210858,0,257371.857,4845.905263,4845.905263,0,7.656118687,1.993213891,0.006291049,0.008454492,0.130614485,0.501702303,158.9560078,118.2803203
116,1476398272,0,1,-1,1000,0.05,0.05,1,0.869778722,0.958986358,0.798852072,0.493973434,0.493973434,0.493973434,0.493973434,5.46569E-07,4.05886E-06,0.914683997,0.914683997,0,1.675353758,1.45718705,1.606641399,1.338359821,1.675353758,1.45718705,1.606641399,1.338359821,0.025205313,0.012568232,0.015099893,0.015099893,0.974794687,0.987431768,0.969800215,0.984900107,10000000,9747946.868,3072.193447,47.83437882,47.83437882,0,241368.988,3758.140822,3758.140822,0,4.294635113,1.632413852,0.003982314,0.004810987,0.232848653,0.612589754,251.1102886,207.8575424
117,587447718,0,1,-1,1000,0.05,0.05,1,0.934362486,0.994792113,0.882988976,0.534028122,0.534028122,0.534028122,0.534028122,8.44021E-07,3.25166E-06,0.913971698,0.913971698,0,1.681549747,1.571177001,1.672792426,1.48478989,1.681549747,1.571177001,1.672792426,1.48478989,0.01888207,0.006260792,0.014723857,0.014723857,0.98111793,0.993739208,0.970552286,0.985276143,10000000,9811179.296,1147.355111,17.40606135,17.40606135,0,182113.0104,2762.762985,2762.762985,0,7.454735448,1.812635559,0.010765362,0.011101732,0.134142923,0.551682877,92.89051058,90.07603778
118,456098180,0,1,-1,1000,0.05,0.05,1,0.923941109,0.939509029,0.835276889,0.566889841,0.566889841,0.566889841,0.566889841,1.2673E-06,5.64177E-06,0.855629526,0.855629526,0,2.035772086,1.880933518,1.912626255,1.700433373,2.035772086,1.880933518,1.912626255,1.700433373,0.021809321,0.007092551,0.01568177,0.01568177,0.978190679,0.992907449,0.96863646,0.98431823,10000000,9781906.786,1498.322911,24.25714555,24.25714555,0,209754.7156,3395.830518,3395.830518,0,3.357079943,1.888759221,0.015709333,0.01641166,0.297877923,0.52944811,63.65642734,60.93228927
119,840081550,0,1,-1,1000,0.05,0.05,1,0.930501667,0.935028562,0.857273756,0.528000992,0.528000992,0.528000992,0.528000992,8.16832E-07,7.4785E-06,0.901925799,0.901925799,0,1.933791665,1.799396369,1.808150439,1.657788843,1.933791665,1.799396369,1.808150439,1.657788843,0.019277776,0.00885177,0.011928998,0.011928998,0.980722224,0.99114823,0.976142003,0.988071002,10000000,9807222.244,1665.712577,20.35593439,20.35593439,0,186512.7523,2279.289597,2279.289597,0,5.186820353,1.63810492,0.015026527,0.007074316,0.192796344,0.610461508,66.54897609,141.3564132
120,1510623856,0,1,-1,1000,0.05,0.05,1,0.917356298,0.856747624,0.831143412,0.602500068,0.602500068,0.602500068,0.602500068,1.2857E-06,5.56977E-06,0.888511798,0.888511798,0,2.433535203,2.232418844,2.084925502,2.022616752,2.433535203,2.232418844,2.084925502,2.022616752,0.020832678,0.0140568,0.006854188,0.006854188,0.979167322,0.9859432,0.986291624,0.993145812,10000000,9791673.222,2888.264213,20.07185829,20.07185829,0,202582.692,1407.839029,1407.839029,0,3.790016792,1.336290097,0.015514131,0.00981506,0.263851074,0.7483405,64.45736632,101.8842524
121,805454715,0,1,-1,1000,0.05,0.05,1,0.943354262,0.939857162,0.862676985,0.476984727,0.476984727,0.476984727,0.476984727,1.03908E-06,3.53517E-06,0.957376815,0.957376815,0,1.84066528,1.736399438,1.729962446,1.587899573,1.84066528,1.736399438,1.729962446,1.587899573,0.024355214,0.009382602,0.010840881,0.010840881,0.975644786,0.990617398,0.978318238,0.989159119,10000000,9756447.865,2235.606673,24.77306949,24.77306949,0,236035.8894,2615.546626,2615.546626,0,5.37031722,1.245079928,0.014186408,0.019121643,0.186208739,0.803161289,70.49000666,52.29676243
122,712930856,0,1,-1,1000,0.05,0.05,1,0.935627252,0.919168451,0.762521208,0.412730766,0.412730766,0.412730766,0.412730766,9.64077E-07,4.70842E-06,0.816854791,0.816854791,0,2.584379634,2.418016015,2.375480225,1.970644281,2.584379634,2.418016015,2.375480225,1.970644281,0.024010777,0.01030129,0.011974568,0.011974568,0.975989223,0.98969871,0.976050864,0.988025432,10000000,9759892.23,2414.183525,29.61813352,29.61813352,0,231943.2123,2845.568683,2845.568683,0,1.112105324,1.45919081,0.006033782,0.013993775,0.899195407,0.685311333,165.7335319,71.46034676
123,2038700288,0,1,-1,1000,0.05,0.05,1,0.96944247,0.996565254,0.799812146,0.474427121,0.474427121,0.474427121,0.474427121,1.4E-06,4.40404E-06,0.962047544,0.962047544,0,1.648733018,1.598351809,1.643070038,1.318676694,1.648733018,1.598351809,1.643070038,1.318676694,0.027529028,0.003026997,0.017459686,0.017459686,0.972470972,0.996973003,0.965080628,0.982540314,10000000,9724709.721,804.2043736,14.54920478,14.54920478,0,264873.1114,4791.93258,4791.93258,0,2.784771223,2.097224187,0.003222037,0.011618762,0.359095926,0.476820745,310.3626638,86.06769139
124,1968568391,0,1,-1,1000,0.05,0.05,1,0.988950845,0.947056267,0.845134738,0.567404886,0.567404886,0.567404886,0.567404886,7.77204E-07,6.78069E-06,0.896425366,0.896425366,0,1.752770673,1.733404038,1.65997245,1.481327384,1.752770673,1.733404038,1.65997245,1.481327384,0.027595377,0.007184417,0.014506146,0.014506146,0.972404623,0.992815583,0.970987708,0.985493854,10000000,9724046.232,1925.048099,28.75940534,28.75940534,0,266022.6689,3974.266287,3974.266287,0,3.146023746,1.938183423,0.016959778,0.003580077,0.317861555,0.51594704,58.96303754,279.3235799
125,2078175536,0,1,-1,1000,0.05,0.05,1,0.89245828,0.872835548,0.840861425,0.654886712,0.654886712,0.654886712,0.654886712,1.28801E-06,3.54334E-06,0.909214557,0.909214557,0,1.803129772,1.609218094,1.573835762,1.516182269,1.803129772,1.609218094,1.573835762,1.516182269,0.026127534,0.004985847,0.01258227,0.01258227,0.973872466,0.995014153,0.974835461,0.98741773,10000000,9738724.66,1269.897646,16.39065806,16.39065806,0,253430.5687,3271.046141,3271.046141,0,6.909494755,2.047473681,0.002975884,0.012477749,0.144728383,0.488406766,336.0345869,80.14265758
126,1001117798,0,1,-1,1000,0.05,0.05,1,0.911384936,0.932324677,0.847886047,0.52516065,0.52516065,0.52516065,0.52516065,1.30728E-06,5.49785E-06,0.812561897,0.812561897,0,1.794596494,1.63556821,1.673146597,1.521613328,1.794596494,1.63556821,1.673146597,1.521613328,0.025446706,0.016089961,0.01401749,0.01401749,0.974553294,0.983910039,0.97196502,0.98598251,10000000,9745532.938,3979.579737,57.39272223,57.39272223,0,243353.5029,3509.596721,3509.596721,0,4.878973223,1.431089933,0.009765973,0.003292838,0.204961158,0.698768105,102.3963494,303.6893868
127,1363382267,0,1,-1,1000,0.05,0.05,1,0.963213795,0.939094094,0.803581979,0.599360694,0.599360694,0.599360694,0.599360694,5.6443E-07,5.59849E-06,0.9764731,0.9764731,0,1.445891068,1.392702222,1.357827762,1.161892006,1.445891068,1.392702222,1.357827762,1.161892006,0.027217396,0.012788407,0.01648212,0.01648212,0.972782604,0.987211593,0.96703576,0.98351788,10000000,9727826.04,3365.933735,57.36884358,57.36884358,0,259836.019,4428.634994,4428.634994,0,7.395491766,2.182857774,0.010283636,0.004211561,0.135217512,0.458115051,97.24186602,237.4416606
