Simulation Replication,Random Seed,Dummy 0,Dummy 1,Dummy -1,Dummy Inf,Annual birth rate (per pop member),Annual death rate,tStar | G-A,tStar | G-B,b | G-A,b | G-B,min | G-A,min | G-B,Ratio infectivity | G-0,Ratio infectivity | G-A,Ratio infectivity | G-B,Ratio infectivity | G-AB,Prob sympt| infection with G-0,Prob sympt| infection with G-A,Prob sympt| infection with G-B,Prob sympt| infection with G-AB,Prob resistance | Drug A,Prob resistance | Drug B,Prob retreatment after failure | Symptomatic,Prob retreatment after resistance | Symptomatic,Prob retreatment | Asymptomatic,Infectivity of | I | Sym|G-0,Infectivity of | I | Sym|G-A,Infectivity of | I | Sym|G-B,Infectivity of | I | Sym|G-AB,Infectivity of | I | Asym|G-0,Infectivity of | I | Asym|G-A,Infectivity of | I | Asym|G-B,Infectivity of | I | Asym|G-AB,Initial gonorrhea prevalence,Initial gonorrhea symptomatic,Initial gonorrhea resistant to A,Initial gonorrhea resistant to B,1-Initial gonorrhea prevalence,1-Initial gonorrhea symptomatic,1-Initial gonorrhea resistant to A or B,1-Initial gonorrhea resistant to B,Initial N,Initial size of S,Initial size of I | Sym|G-0,Initial size of I | Sym|G-A,Initial size of I | Sym|G-B,Initial size of I | Sym|G-AB,Initial size of I | Asym|G-0,Initial size of I | Asym|G-A,Initial size of I | Asym|G-B,Initial size of I | Asym|G-AB,Time until recovery (without treatment) (years),Time until screened (years),Time until seeking treatment (symptomatic) (years),Time until retreatment (years),Natural recovery,Annual screening rate,Annual rate of seeking treatment (symptomatic),Annual rate of retreatment
0,1009509017,0,1,-1,1000,0.028571429,0.028571429,22.41724455,1.548944914,0.000302937,0.187126139,0.878809625,0.423069857,1,0.939657947,0.999933353,0.999933353,0.603884042,0.603884042,0.603884042,0.603884042,9.91432E-05,7.53442E-05,0.848079697,0.848079697,0,2.544459254,2.390921359,2.544289672,2.544289672,2.544459254,2.390921359,2.544289672,2.544289672,0.025554351,0.039888893,0.008479549,0.034830791,0.974445649,0.960111107,0.95668966,0.965169209,4878588,4753918.852,4757.535674,42.16807006,173.21054,0,114512.1495,1014.970076,4169.11456,0,3.818348007,1.32407079,0.035091823,0.014641949,0.261893363,0.755246628,28.49666703,68.29692058
1,1303568557,0,1,-1,1000,0.028571429,0.028571429,0.374409622,4.477637308,0.082443439,0.143795004,0.701791548,0.256782691,1,0.995095604,0.998933844,0.998933844,0.564986877,0.564986877,0.564986877,0.564986877,9.23389E-06,1.1684E-05,0.817059081,0.817059081,0,2.797591537,2.78387104,2.794608868,2.794608868,2.797591537,2.78387104,2.794608868,2.794608868,0.018478155,0.019023066,0.019376049,0.023062807,0.981521845,0.980976934,0.957561144,0.976937193,4878588,4788440.697,1642.100585,33.22756127,39.54990151,0,84679.45391,1713.471007,2039.49995,0,3.344590635,1.116366393,0.00766034,0.02664146,0.298990253,0.895763261,130.5425053,37.53548069
2,146128440,0,1,-1,1000,0.028571429,0.028571429,20.5178276,36.78468822,0.113696748,0.016760093,0.936032229,0.935759183,1,0.997835391,0.971421562,0.971421562,0.604762025,0.604762025,0.604762025,0.604762025,8.05614E-05,7.79209E-05,0.835709766,0.835709766,0,3.383826597,3.376501935,3.287122118,3.287122118,3.383826597,3.376501935,3.287122118,3.287122118,0.012532225,0.028116437,0.020400626,0.035492495,0.987467775,0.971883563,0.944106879,0.964507505,4878588,4817448.437,1622.944922,35.06921996,61.01254702,0,56099.33676,1212.21611,2108.983106,0,2.564461883,1.031879364,0.012940991,0.009403734,0.389945355,0.969105532,77.27383225,106.3407394
3,793488844,0,1,-1,1000,0.028571429,0.028571429,5.466249948,32.03273731,0.16968674,0.018831702,0.432317868,0.955062057,1,0.999703374,0.981295844,0.981295844,0.499346168,0.499346168,0.499346168,0.499346168,9.41173E-05,4.78585E-05,0.903082347,0.903082347,0,2.522628859,2.521880581,2.475445215,2.475445215,2.522628859,2.521880581,2.475445215,2.475445215,0.023030853,0.014263029,0.03151421,0.038407712,0.976969147,0.985736971,0.930078077,0.961592288,4878588,4766229.958,1490.511537,50.50360328,61.55089525,0,103011.2402,3490.371378,4253.864459,0,1.469253034,1.889756337,0.009055511,0.030026787,0.680617958,0.529168751,110.4299894,33.30359627
4,405640706,0,1,-1,1000,0.028571429,0.028571429,24.8058844,28.41788874,0.106753008,0.127541688,0.974200449,0.606502997,1,0.99835888,0.976406446,0.976406446,0.549401363,0.549401363,0.549401363,0.549401363,3.29578E-05,1.28819E-05,0.874974466,0.874974466,0,1.96872565,1.965494734,1.922276416,1.922276416,1.96872565,1.965494734,1.922276416,1.922276416,0.027207372,0.032210882,0.020435458,0.014610663,0.972792628,0.967789118,0.964953879,0.985389337,4878588,4745854.442,4125.626538,87.37108625,62.46737848,0,123956.1348,2625.099981,1876.857907,0,2.614074716,2.079026047,0.024170874,0.023648166,0.382544536,0.480994455,41.3721084,42.28657736
5,405018039,0,1,-1,1000,0.028571429,0.028571429,38.27105898,9.552831075,0.079346039,0.097357148,0.98864279,0.92894222,1,0.996787749,0.99864116,0.99864116,0.503329536,0.503329536,0.503329536,0.503329536,5.49764E-05,1.93692E-05,0.969563349,0.969563349,0,2.479208788,2.471244946,2.47583994,2.47583994,2.479208788,2.471244946,2.47583994,2.47583994,0.021793375,0.069071463,0.034337305,0.01888126,0.978206625,0.930928537,0.946781436,0.98111874,4878588,4772267.103,6952.916567,252.1642317,138.6590603,0,93709.73486,3398.608781,1868.813418,0,1.432765809,1.794146136,0.035423929,0.03687317,0.69795077,0.557368199,28.22950582,27.11998971
6,2064132329,0,1,-1,1000,0.028571429,0.028571429,8.54736384,11.06623338,0.056009664,0.102270041,0.970171095,0.91634129,1,0.99733478,0.998467681,0.998467681,0.551356452,0.551356452,0.551356452,0.551356452,6.21904E-05,3.17443E-05,0.907122384,0.907122384,0,2.853809515,2.846203484,2.849436567,2.849436567,2.853809515,2.846203484,2.849436567,2.849436567,0.021580994,0.071475183,0.009206824,0.02711429,0.978419006,0.928524817,0.963678886,0.97288571,4878588,4773303.223,7251.923266,69.28364034,204.0417749,0,94208.79297,900.0547702,2650.680189,0,3.040600128,1.046172239,0.013996371,0.036998879,0.328882444,0.955865547,71.44709146,27.02784565
7,2104619788,0,1,-1,1000,0.028571429,0.028571429,39.01886831,7.194667077,0.126652232,0.022847323,0.951846175,0.9139892,1,0.990401112,0.976492921,0.976492921,0.493458329,0.493458329,0.493458329,0.493458329,2.81479E-05,7.81168E-05,0.956072833,0.956072833,0,1.994224705,1.975082366,1.947346308,1.947346308,1.994224705,1.975082366,1.947346308,1.947346308,0.027693571,0.025453698,0.009603904,0.020982465,0.972306429,0.974546302,0.96941363,0.979017535,4878588,4743482.477,3333.750674,33.02720511,72.15733942,0,127639.3851,1264.513326,2762.689637,0,2.007366881,2.03176469,0.030879855,0.019696125,0.498165039,0.49218298,32.38357161,50.77140784
8,689579514,0,1,-1,1000,0.028571429,0.028571429,2.774542784,8.647281025,0.173873646,0.142345542,0.120795474,0.976264607,1,0.999761178,0.999934243,0.999934243,0.538462823,0.538462823,0.538462823,0.538462823,6.48101E-05,2.77892E-05,0.874871159,0.874871159,0,2.547057372,2.54644908,2.546889886,2.546889886,2.547057372,2.54644908,2.546889886,2.546889886,0.018146857,0.081581985,0.017882325,0.039145369,0.981853143,0.918418015,0.942972306,0.960854631,4878588,4790056.959,6810.653333,129.1557698,282.7289193,0,76671.66641,1453.985045,3182.851383,0,1.876755703,1.60692152,0.023133069,0.019001878,0.532834401,0.622307927,43.22815934,52.62637811
9,1710588249,0,1,-1,1000,0.028571429,0.028571429,2.516922001,26.14895983,0.110348237,0.107049208,0.136893287,0.623021896,1,0.995446583,0.972771187,0.972771187,0.573610682,0.573610682,0.573610682,0.573610682,1.33593E-06,8.38304E-05,0.880905782,0.880905782,0,1.982313172,1.973286873,1.928337137,1.928337137,1.982313172,1.973286873,1.928337137,1.928337137,0.021053553,0.080422352,0.026297993,0.02225446,0.978946447,0.919577648,0.951447546,0.97774554,4878588,4775876.39,7859.250915,217.2295573,183.828723,0,89865.4582,2483.879687,2101.962719,0,3.577929782,1.886599011,0.031028399,0.026331035,0.279491231,0.530054343,32.2285405,37.97799819
10,2052325359,0,1,-1,1000,0.028571429,0.028571429,6.539599169,21.37336228,0.18146664,0.110518427,0.911531511,0.910604412,1,0.999966755,0.996373767,0.996373767,0.479609183,0.479609183,0.479609183,0.479609183,3.27323E-05,2.58547E-05,0.876481704,0.876481704,0,2.162527805,2.162455911,2.154685975,2.154685975,2.162527805,2.162455911,2.154685975,2.154685975,0.02184257,0.062346444,0.036741244,0.019842817,0.97815743,0.937653556,0.943415939,0.980157183,4878588,4772027.102,6267.765929,244.0975478,131.829587,0,94263.48414,3671.082422,1982.638842,0,1.784379303,1.889194813,0.010865627,0.035290225,0.560418964,0.529326035,92.03334252,28.3364588
11,1431725437,0,1,-1,1000,0.028571429,0.028571429,16.95698872,14.04803694,0.021179965,0.106325616,0.957304905,0.841534923,1,0.985831273,0.996607488,0.996607488,0.559397969,0.559397969,0.559397969,0.559397969,5.38186E-05,5.8548E-06,0.914224943,0.914224943,0,1.899437528,1.872524916,1.892993664,1.892993664,1.899437528,1.872524916,1.892993664,1.892993664,0.020687097,0.054692435,0.015721497,0.011531504,0.979312903,0.945307565,0.972746999,0.988468496,4878588,4777664.176,5369.339437,86.77904092,63.65124901,0,92804.00744,1499.894513,1100.152273,0,3.695738493,1.912593308,0.00652006,0.022571664,0.270581915,0.522850308,153.3728283,44.30333592
12,1616900444,0,1,-1,1000,0.028571429,0.028571429,2.021433972,4.192014248,0.163027089,0.160672902,0.299044839,0.681055253,1,0.999718976,0.999797148,0.999797148,0.58426356,0.58426356,0.58426356,0.58426356,7.35093E-05,7.37987E-05,0.85023007,0.85023007,0,2.478170649,2.477474223,2.477667947,2.477667947,2.478170649,2.477474223,2.477667947,2.477667947,0.015901537,0.073553689,0.001407603,0.03470244,0.984098463,0.926446311,0.963889957,0.96529756,4878588,4801010.951,5500.031421,8.031893028,198.014837,0,69275.70742,101.1657987,2494.098099,0,3.193026606,1.407252692,0.026432205,0.028207255,0.313182483,0.710604432,37.83263671,35.45187242
13,310419563,0,1,-1,1000,0.028571429,0.028571429,5.777937584,43.62091875,0.043355368,0.057510162,0.640057254,0.810331336,1,0.953862427,0.922361467,0.922361467,0.624415699,0.624415699,0.624415699,0.624415699,6.21641E-05,2.94198E-05,0.908989396,0.908989396,0,2.339431668,2.231495968,2.157801625,2.157801625,2.339431668,2.231495968,2.157801625,2.157801625,0.01954837,0.031518114,0.031759038,0.012545605,0.98045163,0.968481886,0.955695358,0.987454395,4878588,4783219.558,2872.661073,95.46237778,37.70999814,0,88270.51596,2933.347558,1158.74477,0,2.738005393,1.976926653,0.027424243,0.016634103,0.365229376,0.505835661,36.464087,60.11745803
14,12449806,0,1,-1,1000,0.028571429,0.028571429,9.075551266,47.5451377,0.006218213,0.182108263,0.857840316,0.634769689,1,0.937915158,0.857493981,0.857493981,0.519936583,0.519936583,0.519936583,0.519936583,3.0873E-05,7.53868E-05,0.956323516,0.956323516,0,2.082382586,1.953098193,1.785630534,1.785630534,2.082382586,1.953098193,1.785630534,1.785630534,0.024112213,0.051083288,0.02826516,0.015210212,0.975887787,0.948916712,0.956524629,0.984789788,4878588,4760954.447,5747.860474,169.8484173,91.39981588,0,106771.5303,3155.082751,1697.831438,0,1.757370569,2.555430425,0.015846614,0.031563081,0.569031949,0.391323509,63.10496303,31.68258479
15,1051402936,0,1,-1,1000,0.028571429,0.028571429,5.27048042,29.52531693,0.001760037,0.197111368,0.661690752,0.706022413,1,0.837499932,0.994892421,0.994892421,0.565682866,0.565682866,0.565682866,0.565682866,7.60079E-05,8.91208E-05,0.955680524,0.955680524,0,1.507947706,1.262906101,1.500245744,1.500245744,1.507947706,1.262906101,1.500245744,1.500245744,0.027375447,0.013603528,0.023683335,0.008934562,0.972624553,0.986396472,0.967382103,0.991065438,4878588,4745034.472,1757.539053,43.02786541,16.23230455,0,127439.7536,3119.965135,1177.009916,0,3.610156729,2.825552932,0.012273986,0.037463112,0.276996284,0.35391303,81.47312382,26.69292409
16,414099820,0,1,-1,1000,0.028571429,0.028571429,5.505249845,13.84374294,0.164452429,0.102829143,0.639794062,0.655898803,1,0.999760884,0.991839542,0.991839542,0.582937702,0.582937702,0.582937702,0.582937702,3.02055E-05,2.64252E-05,0.813185024,0.813185024,0,4.029600386,4.028636844,3.996717001,3.996717001,4.029600386,4.028636844,3.996717001,3.996717001,0.015438329,0.028326067,0.016515223,0.030829983,0.984561671,0.971673933,0.952654794,0.969170017,4878588,4803270.751,2032.433201,35.23426144,65.77396266,0,69718.90493,1208.646917,2256.25553,0,0.974283765,1.307289557,0.037511427,0.016240032,1.026395015,0.764941474,26.65854317,61.57623323
17,1667373020,0,1,-1,1000,0.028571429,0.028571429,13.71097847,13.83016271,0.063372122,0.060089076,0.712422337,0.283225438,1,0.973784071,0.926760854,0.926760854,0.683114468,0.683114468,0.683114468,0.683114468,4.71551E-05,3.36643E-05,0.964246307,0.964246307,0,2.966762147,2.888985722,2.749479022,2.749479022,2.966762147,2.888985722,2.749479022,2.749479022,0.022332911,0.038340221,0.017836059,0.019096399,0.977667089,0.961659779,0.963067542,0.980903601,4878588,4769634.929,4023.007477,74.50629755,79.77109937,0,100906.1588,1868.787055,2000.840235,0,3.119354341,1.581624282,0.012378519,0.030317705,0.320579162,0.632261411,80.78510592,32.98402735
18,1007314224,0,1,-1,1000,0.028571429,0.028571429,9.150215741,6.698364834,0.060579461,0.160432991,0.82453976,0.764976701,1,0.986372726,0.999774142,0.999774142,0.566355747,0.566355747,0.566355747,0.566355747,9.12054E-05,8.24612E-05,0.909823963,0.909823963,0,2.093583663,2.065053824,2.09311081,2.09311081,2.093583663,2.065053824,2.09311081,2.09311081,0.020415116,0.002164815,0.028821511,0.006693743,0.979584884,0.997835185,0.964484746,0.993306257,4878588,4778991.06,207.9515382,6.214175535,1.443230937,0,95851.77792,2864.320113,665.2331233,0,2.083824212,2.350192354,0.036222424,0.009446853,0.479886928,0.425497087,27.60720805,105.8553608
19,1519516371,0,1,-1,1000,0.028571429,0.028571429,36.94004471,0.946839969,0.123919141,0.027091943,0.969597003,0.918137988,1,0.994969045,0.9828625,0.9828625,0.402544559,0.402544559,0.402544559,0.402544559,9.17222E-05,4.37599E-05,0.94789949,0.94789949,0,4.421789956,4.399544129,4.346011532,4.346011532,4.421789956,4.399544129,4.346011532,4.346011532,0.012286326,0.03481467,0.023696196,0.025892223,0.987713674,0.96518533,0.950411581,0.974107777,4878588,4818648.075,1983.308134,49.44895452,54.03159725,0,54984.29076,1370.89928,1497.946286,0,0.484696688,1.604382207,0.02772903,0.034624449,2.063145933,0.623292876,36.06328861,28.88132634
20,1400700836,0,1,-1,1000,0.028571429,0.028571429,0.543957464,12.14252955,0.172080516,0.199198315,0.758426762,0.589696413,1,0.999951344,0.999782211,0.999782211,0.568887715,0.568887715,0.568887715,0.568887715,1.79175E-05,8.99654E-05,0.988781957,0.988781957,0,3.452363933,3.452195954,3.451612047,3.451612047,3.452363933,3.452195954,3.451612047,3.451612047,0.023027329,0.022581352,0.035612148,0.034709804,0.976972671,0.977418648,0.929678048,0.965290196,4878588,4766247.15,2358.414945,90.34119202,88.05211671,0,102082.4068,3910.357815,3811.276728,0,3.246863457,0.853059232,0.007013012,0.0037414,0.307989545,1.172251542,142.5920753,267.2796311
21,530345457,0,1,-1,1000,0.028571429,0.028571429,7.934614411,17.27894539,0.085363363,0.098457938,0.628572384,0.910119769,1,0.990030427,0.996551373,0.996551373,0.47784945,0.47784945,0.47784945,0.47784945,2.83656E-05,7.28727E-05,0.904308573,0.904308573,0,1.83525852,1.816961778,1.828929398,1.828929398,1.83525852,1.816961778,1.828929398,1.828929398,0.026525233,0.077489024,0.005065958,0.018189024,0.973474767,0.922510976,0.976745019,0.981810976,4878588,4749182.316,9794.330372,50.79899113,182.3908045,0,116602.0271,604.764707,2171.372286,0,2.612459939,1.801761169,0.012468759,0.003075197,0.382780989,0.555012516,80.20044512,325.1824047
22,235299131,0,1,-1,1000,0.028571429,0.028571429,7.249576887,7.014818932,0.023094318,0.132734192,0.75078225,0.958972885,1,0.932347384,0.999863895,0.999863895,0.581925056,0.581925056,0.581925056,0.581925056,9.32473E-05,5.72933E-05,0.971650029,0.971650029,0,2.364418098,2.204459029,2.364096289,2.364096289,2.364418098,2.204459029,2.364096289,2.364096289,0.015788369,0.085060272,0.003184745,0.003892109,0.984211631,0.914939728,0.992923146,0.996107891,4878588,4801563.053,6505.397009,20.86569183,25.50017595,0,69974.45536,224.4390957,274.2893203,0,2.595987983,1.791744499,0.003330194,0.007585771,0.385209795,0.55811529,300.2828073,131.8257628
23,37282523,0,1,-1,1000,0.028571429,0.028571429,10.5466746,8.302217035,0.127807991,0.066086273,0.994413289,0.676407963,1,0.999964141,0.980656155,0.980656155,0.581376656,0.581376656,0.581376656,0.581376656,3.62537E-06,4.80059E-05,0.86307552,0.86307552,0,2.001084181,2.001012423,1.962375519,1.962375519,2.001084181,2.001012423,1.962375519,1.962375519,0.015680647,0.074157759,0.023565151,0.020621644,0.984319353,0.925842241,0.955813205,0.979378356,4878588,4802088.581,5422.35265,133.6857044,116.9871093,0,67696.80187,1669.034685,1460.556638,0,3.528187823,1.806103083,0.034629634,0.003477465,0.283431623,0.553678253,28.87700162,287.5657738
24,1022092746,0,1,-1,1000,0.028571429,0.028571429,7.745680753,30.42398024,0.143946706,0.051137873,0.734278587,0.557445061,1,0.999394565,0.881060029,0.881060029,0.588365964,0.588365964,0.588365964,0.588365964,5.08609E-05,7.65422E-05,0.943416908,0.943416908,0,1.784102592,1.783022433,1.571901481,1.571901481,1.784102592,1.783022433,1.571901481,1.571901481,0.027803563,0.079821444,0.037028212,0.008465591,0.972196437,0.920178556,0.954506197,0.991534409,4878588,4742945.869,10334.58248,400.9100363,91.65822749,0,119136.6717,4621.675567,1056.632541,0,2.766980944,2.905309365,0.005918735,0.02255217,0.36140473,0.344197424,168.9550151,44.34163161
25,620856923,0,1,-1,1000,0.028571429,0.028571429,27.79619265,25.24250684,0.108562521,0.077804753,0.871693168,0.379472588,1,0.989427778,0.921075189,0.921075189,0.647308552,0.647308552,0.647308552,0.647308552,2.76351E-05,2.23441E-05,0.899713312,0.899713312,0,2.653604968,2.625550468,2.444169697,2.444169697,2.653604968,2.625550468,2.444169697,2.444169697,0.022094461,0.090460691,0.019884543,0.030488668,0.977905539,0.909539309,0.949626789,0.969511332,4878588,4770798.228,9259.561306,193.8889502,297.2869897,0,93100.49349,1949.461357,2989.079561,0,2.537310026,1.942987157,0.020561936,0.03036228,0.394118176,0.514671441,48.6335523,32.93560287
26,1651163832,0,1,-1,1000,0.028571429,0.028571429,11.65528789,39.28482863,0.030725358,0.102257783,0.66409564,0.652255138,1,0.920928353,0.912856045,0.912856045,0.543554564,0.543554564,0.543554564,0.543554564,3.02207E-05,8.27676E-05,0.871629712,0.871629712,0,1.338502627,1.23266502,1.221860215,1.221860215,1.338502627,1.23266502,1.221860215,1.221860215,0.027899307,0.037584934,0.027968462,0.030685846,0.972100693,0.962415066,0.941345691,0.969314154,4878588,4742478.774,4815.601012,143.0770412,156.9782419,0,123310.2328,3663.68875,4019.648534,0,3.767287951,3.13644863,0.030920838,0.033646503,0.265442943,0.31883194,32.34065031,29.72077039
27,1300222599,0,1,-1,1000,0.028571429,0.028571429,14.14933368,0.783049536,0.161387837,0.153019188,0.859656029,0.253519827,1,0.99957018,0.999599838,0.999599838,0.525366707,0.525366707,0.525366707,0.525366707,7.42985E-05,8.13582E-05,0.931194858,0.931194858,0,1.85339525,1.852598624,1.852653591,1.852653591,1.85339525,1.852598624,1.852653591,1.852653591,0.018911547,0.025368493,0.017290638,0.012231379,0.981088453,0.974631507,0.970477982,0.987768621,4878588,4786326.352,2271.441521,40.46941289,28.62801973,0,87266.45683,1554.793395,1099.859197,0,2.485373647,2.271025569,0.010021027,0.037603352,0.402353989,0.440329697,99.79016739,26.59337365
28,809967656,0,1,-1,1000,0.028571429,0.028571429,12.99348244,6.570037408,0.198531689,0.047672997,0.26774226,0.7541772,1,0.999528074,0.972463754,0.972463754,0.536350785,0.536350785,0.536350785,0.536350785,2.25372E-05,3.84512E-05,0.980266507,0.980266507,0,2.218885536,2.217838386,2.157785758,2.157785758,2.218885536,2.217838386,2.157785758,2.157785758,0.015829737,0.055478258,0.011268716,0.024032828,0.984170263,0.944521742,0.964698456,0.975967172,4878588,4801361.233,4133.160333,48.27975924,102.966405,0,70367.38292,821.9667353,1753.011222,0,3.020056555,1.522477788,0.003934245,0.017870054,0.331119627,0.656824032,254.178361,55.95954112
29,1000625607,0,1,-1,1000,0.028571429,0.028571429,5.387331219,4.62560202,0.010238573,0.185870026,0.802390802,0.200472576,1,0.923375253,0.999826126,0.999826126,0.631326759,0.631326759,0.631326759,0.631326759,1.85138E-05,6.83699E-05,0.896009576,0.896009576,0,2.172715475,2.006231702,2.172337697,2.172337697,2.172715475,2.006231702,2.172337697,2.172337697,0.018611564,0.031686696,0.029824088,0.027480466,0.981388436,0.968313304,0.942695446,0.972519534,4878588,4787789.845,2712.223004,85.80669235,79.06387171,0,82882.7844,2622.165497,2416.111737,0,3.068070778,2.247802709,0.007879356,0.029214181,0.325937722,0.444878901,126.9139175,34.22995167
30,1454517198,0,1,-1,1000,0.028571429,0.028571429,16.63479719,22.30488645,0.054100298,0.143993223,0.673836325,0.447822362,1,0.953928286,0.989945897,0.989945897,0.550601576,0.550601576,0.550601576,0.550601576,7.78674E-05,2.25297E-05,0.89627078,0.89627078,0,1.944289285,1.854712545,1.9247412,1.9247412,1.944289285,1.854712545,1.9247412,1.9247412,0.016388255,0.096464078,0.035682703,0.018873518,0.983611745,0.903535922,0.945443779,0.981126482,4878588,4798636.454,7291.689963,275.2011441,145.5611042,0,68298.00188,2577.686154,1363.405825,0,3.986267116,1.719952464,0.017708719,0.008364482,0.250861262,0.581411417,56.46935779,119.5531347
31,1639230962,0,1,-1,1000,0.028571429,0.028571429,4.904285129,43.80450296,0.189991158,0.173032015,0.759673102,0.904616148,1,0.999954291,0.975666666,0.975666666,0.46957364,0.46957364,0.46957364,0.46957364,6.51749E-05,7.04518E-06,0.892543128,0.892543128,0,2.267271439,2.267167803,2.212101166,2.212101166,2.267271439,2.267167803,2.212101166,2.212101166,0.025032001,0.058734138,0.01031835,0.009675853,0.974967999,0.941265862,0.980005797,0.990324147,4878588,4756467.181,7029.249402,74.01002684,69.40161097,0,112649.8613,1186.075323,1112.221434,0,2.605077181,1.256173293,0.01505045,0.027535131,0.383865786,0.796068508,66.44319412,36.3172415
32,391514789,0,1,-1,1000,0.028571429,0.028571429,16.18881765,16.33092994,0.113689191,0.094741093,0.842200576,0.888600673,1,0.996691543,0.99559309,0.99559309,0.413648832,0.413648832,0.413648832,0.413648832,4.2E-05,9.26427E-05,0.887971892,0.887971892,0,2.299469908,2.291862211,2.289336352,2.289336352,2.299469908,2.291862211,2.289336352,2.289336352,0.023291705,0.049014933,0.037144871,0.039943937,0.976708295,0.950985067,0.922911191,0.960056063,4878588,4764957.368,5140.24413,206.8819933,222.4716648,0,99730.73805,4013.913222,4316.383185,0,1.023208479,2.96933463,0.028634949,0.033268133,0.977317937,0.336775785,34.92236011,30.05879526
33,1522793464,0,1,-1,1000,0.028571429,0.028571429,26.70612307,10.01492487,0.028177031,0.150097015,0.851167316,0.801944134,1,0.949162193,0.999510882,0.999510882,0.641444505,0.641444505,0.641444505,0.641444505,4.30642E-05,5.56597E-05,0.890268889,0.890268889,0,3.54872123,3.368312024,3.546985487,3.546985487,3.54872123,3.368312024,3.546985487,3.546985487,0.014959932,0.066785646,0.01073551,0.015757253,0.985040068,0.933214354,0.973507238,0.984242747,4878588,4805604.654,4745.107812,52.32744891,76.80462897,0,66304.70756,731.1859571,1073.212383,0,1.613390637,1.493882017,0.024587868,0.029712335,0.619812696,0.669396906,40.67046408,33.65605585
34,779523352,0,1,-1,1000,0.028571429,0.028571429,13.00966744,27.63758436,0.081229641,0.159844329,0.922086162,0.964008286,1,0.996320634,0.999018264,0.999018264,0.538293627,0.538293627,0.538293627,0.538293627,7.14383E-05,5.07132E-05,0.829917237,0.829917237,0,1.740243857,1.733840864,1.738535398,1.738535398,1.740243857,1.733840864,1.738535398,1.738535398,0.024481674,0.038021956,0.033762667,0.03701202,0.975518326,0.961978044,0.929225314,0.96298798,4878588,4759151.998,4219.789055,153.3226969,168.0786273,0,106763.1676,3879.155231,4252.489027,0,2.143497433,3.11789819,0.033263885,0.029178581,0.466527267,0.320728882,30.06263382,34.27171485
35,1626582795,0,1,-1,1000,0.028571429,0.028571429,6.801876696,7.60478935,0.085014819,0.056497766,0.590179591,0.857935441,1,0.989840895,0.988130693,0.988130693,0.573556856,0.573556856,0.573556856,0.573556856,3.8467E-05,2.94932E-05,0.961823639,0.961823639,0,2.349483577,2.325614926,2.321596836,2.321596836,2.349483577,2.325614926,2.321596836,2.321596836,0.017273224,0.080204937,0.039719179,0.006403577,0.982726776,0.919795063,0.953877244,0.993596423,4878588,4794319.059,6447.05132,268.4533933,43.28040231,0,73935.17391,3078.639728,496.3422676,0,1.863757506,2.167714492,0.023811088,0.029583765,0.536550488,0.461315364,41.9972418,33.80232382
36,1757008067,0,1,-1,1000,0.028571429,0.028571429,15.74626341,19.68276364,0.068059282,0.055433574,0.76691739,0.866159942,1,0.979353543,0.978982138,0.978982138,0.5763049,0.5763049,0.5763049,0.5763049,4.44282E-05,3.82125E-06,0.984634275,0.984634275,0,1.559102329,1.52691239,1.526333332,1.526333332,1.559102329,1.52691239,1.526333332,1.526333332,0.021900948,0.022198819,0.019543257,0.021142193,0.978099052,0.977801181,0.95931455,0.978857807,4878588,4771742.298,2275.348708,46.35364267,50.14607808,0,100223.2874,2041.759328,2208.806403,0,3.426947818,3.07290181,0.025359741,0.022208463,0.291804852,0.325425302,39.43257941,45.02788013
37,1785380364,0,1,-1,1000,0.028571429,0.028571429,5.145898182,4.59157984,0.078455155,0.19523332,0.934295542,0.745657912,1,0.99810893,0.999964069,0.999964069,0.482842089,0.482842089,0.482842089,0.482842089,7.36924E-06,3.72158E-05,0.971450523,0.971450523,0,2.997709028,2.992040149,2.997601318,2.997601318,2.997709028,2.992040149,2.997601318,2.997601318,0.026298148,0.017820465,0.030716026,0.005809557,0.973701852,0.982179535,0.963474417,0.994190443,4878588,4750290.172,2202.817532,70.226878,13.2825477,0,121408.857,3870.572513,732.0710456,0,0.880339186,2.524825498,0.009145382,0.026824827,1.135925806,0.396066976,109.3448097,37.27889901
38,765844810,0,1,-1,1000,0.028571429,0.028571429,21.44354562,7.451433898,0.175230799,0.049296819,0.9998162,0.695365342,1,0.999998774,0.966687481,0.966687481,0.554498055,0.554498055,0.554498055,0.554498055,6.25784E-05,1.71892E-05,0.874875175,0.874875175,0,1.56998008,1.569978156,1.517680089,1.517680089,1.56998008,1.569978156,1.517680089,1.517680089,0.023888586,0.066685665,0.026958413,0.012135455,0.976111414,0.933314335,0.960906132,0.987864545,4878588,4762045.43,7467.892274,209.5132056,94.31334416,0,104518.5779,2932.289527,1319.983772,0,2.828960525,3.194946602,0.030229784,0.016791081,0.353486728,0.312994276,33.07995817,59.55542736
39,1342164107,0,1,-1,1000,0.028571429,0.028571429,27.32387582,41.07296397,0.077494968,0.12900782,0.463132081,0.885905476,1,0.920995938,0.972588659,0.972588659,0.582221001,0.582221001,0.582221001,0.582221001,3.05314E-05,7.75446E-05,0.947760376,0.947760376,0,1.720357896,1.584442634,1.673200578,1.673200578,1.720357896,1.584442634,1.673200578,1.673200578,0.019602044,0.037154798,0.024678738,0.014417289,0.980397956,0.962845202,0.960903973,0.985582711,4878588,4782957.702,3414.211318,87.68662495,51.22641964,0,88477.32166,2272.348428,1327.503188,0,3.129995819,2.784379143,0.013894964,0.036356527,0.319489245,0.359146491,71.96851851,27.50537785
40,1254754317,0,1,-1,1000,0.028571429,0.028571429,23.81601322,17.61008382,0.005960738,0.03463375,0.851800261,0.966110894,1,0.931670418,0.991673511,0.991673511,0.568109285,0.568109285,0.568109285,0.568109285,6.48139E-05,8.55838E-05,0.879639371,0.879639371,0,2.296706651,2.139773647,2.277583148,2.277583148,2.296706651,2.139773647,2.277583148,2.277583148,0.016757609,0.064882802,0.031523479,0.016103263,0.983242391,0.935117198,0.952373258,0.983896737,4878588,4796834.532,5051.763058,167.2129564,85.41805204,0,72808.05375,2409.940802,1231.079536,0,1.800766027,2.397928322,0.03355198,0.033460431,0.555319228,0.417026644,29.80450018,29.88604681
41,202190579,0,1,-1,1000,0.028571429,0.028571429,3.887761943,33.44478161,0.085196483,0.034067458,0.070533383,0.814075273,1,0.9820649,0.932575251,0.932575251,0.671940426,0.671940426,0.671940426,0.671940426,9.56692E-05,6.78696E-05,0.861878136,0.861878136,0,2.052836854,2.016019019,1.914424843,1.914424843,2.052836854,2.016019019,1.914424843,1.914424843,0.023812171,0.02144348,0.032624243,0.018946067,0.976187829,0.97855652,0.94842969,0.981053933,4878588,4762418.228,2362.618187,81.26973506,47.19624809,0,107816.2426,3708.681123,2153.764058,0,3.632356224,2.665972571,0.011141334,0.015650332,0.275303395,0.375097633,89.75585485,63.89640717
42,2095505999,0,1,-1,1000,0.028571429,0.028571429,34.11429589,36.80852603,0.074775084,0.020538258,0.934788178,0.161991171,1,0.984761328,0.637399721,0.637399721,0.682446347,0.682446347,0.682446347,0.682446347,1.05554E-05,4.07351E-05,0.987892734,0.987892734,0,2.520715995,2.48230363,1.606703673,1.606703673,2.520715995,2.48230363,1.606703673,1.606703673,0.023012861,0.080908215,0.039370589,0.031115177,0.976987139,0.919091785,0.929514234,0.968884823,4878588,4766317.732,8443.323391,357.6261717,282.637419,0,95913.48845,4062.52042,3210.671861,0,3.044363162,2.165083306,0.022049493,0.012928834,0.328475923,0.461875992,45.35251694,77.34649634
43,803466379,0,1,-1,1000,0.028571429,0.028571429,24.85126696,43.00840538,0.119351495,0.110354077,0.993303204,0.835900783,1,0.999682765,0.948110311,0.948110311,0.635515851,0.635515851,0.635515851,0.635515851,4.17178E-06,3.18376E-05,0.982228977,0.982228977,0,1.987217597,1.986587182,1.884101494,1.884101494,1.987217597,1.986587182,1.884101494,1.884101494,0.017756551,0.093622346,0.027514062,0.004301843,0.982243449,0.906377654,0.968184095,0.995698157,4878588,4791961.106,7852.179314,223.1449066,34.88886013,0,76018.60212,2160.31285,337.7664048,0,3.289288203,2.379425783,0.031311123,0.011138261,0.304017142,0.420269465,31.93753264,89.78061905
44,946624415,0,1,-1,1000,0.028571429,0.028571429,28.29042706,5.391182331,0.103420411,0.18791249,0.806595709,0.782115151,1,0.98147423,0.999950128,0.999950128,0.69555952,0.69555952,0.69555952,0.69555952,5.14282E-05,7.91905E-05,0.848497955,0.848497955,0,3.246000757,3.185866094,3.245838873,3.245838873,3.246000757,3.185866094,3.245838873,3.245838873,0.01300995,0.094754541,0.037794655,0.008577111,0.98699005,0.905245459,0.953628234,0.991422889,4878588,4815117.813,5735.204533,227.3003964,51.58350564,0,54791.7579,2171.533416,492.8073509,0,2.920769605,1.522155936,0.01898516,0.024031414,0.342375516,0.656962914,52.67271999,41.61219929
45,360469802,0,1,-1,1000,0.028571429,0.028571429,34.37046961,7.749374548,0.143020395,0.13941183,0.559888995,0.892638209,1,0.957460767,0.999703709,0.999703709,0.553285463,0.553285463,0.553285463,0.553285463,8.98855E-05,8.98668E-06,0.825456202,0.825456202,0,1.449025468,1.387385036,1.448596135,1.448596135,1.449025468,1.387385036,1.448596135,1.448596135,0.022617161,0.084409407,0.006241451,0.010091111,0.977382839,0.915590593,0.983667439,0.989908889,4878588,4768248.189,9161.601166,58.13111223,93.98575897,0,99376.07819,630.5493821,1019.46548,0,3.397995725,3.133697154,0.037032033,0.008637862,0.29429113,0.319111883,27.00364856,115.7693893
46,1056512687,0,1,-1,1000,0.028571429,0.028571429,8.054005159,2.70831557,0.170968467,0.063135355,0.495308887,0.641007156,1,0.999612405,0.982739446,0.982739446,0.535692991,0.535692991,0.535692991,0.535692991,3.0125E-05,9.65505E-05,0.933297052,0.933297052,0,2.228382505,2.227518795,2.189919387,2.189919387,2.228382505,2.227518795,2.189919387,2.189919387,0.012473365,0.072549171,0.037940457,0.032521235,0.987526635,0.927450829,0.929538308,0.967478765,4878588,4817735.591,4103.718125,167.4992198,143.5744825,0,52460.92747,2141.269004,1835.421021,0,2.607365121,1.567000593,0.036983086,0.012895577,0.383528947,0.638161852,27.03938776,77.54596978
47,261528231,0,1,-1,1000,0.028571429,0.028571429,21.03435739,35.52634227,0.030073541,0.178938677,0.9321542,0.382643426,1,0.979982587,0.956894077,0.956894077,0.679824824,0.679824824,0.679824824,0.679824824,5.30103E-05,4.65879E-05,0.869293565,0.869293565,0,2.14248809,2.099601022,2.050134164,2.050134164,2.14248809,2.099601022,2.050134164,2.050134164,0.027115408,0.057128596,0.03206467,0.03288954,0.972884592,0.942871404,0.93504579,0.96711046,4878588,4746303.096,7066.375512,242.3207492,248.5545016,0,116626.0668,3999.350987,4102.235135,0,3.350901568,2.573762167,0.031089077,0.018044281,0.298427149,0.388536288,32.16563808,55.41921979
48,443223613,0,1,-1,1000,0.028571429,0.028571429,28.78113013,40.72416519,0.168612377,0.143383752,0.870117591,0.814099301,1,0.996468364,0.961105136,0.961105136,0.632045993,0.632045993,0.632045993,0.632045993,2.5815E-05,3.61098E-06,0.842348509,0.842348509,0,2.465093724,2.456387911,2.36921424,2.36921424,2.465093724,2.456387911,2.36921424,2.36921424,0.026820647,0.054009633,0.015921693,0.008911924,0.973179353,0.945990367,0.975166383,0.991088076,4878588,4747741.114,6891.493287,112.5184791,62.98049716,0,120705.9915,1970.785432,1103.116993,0,2.149095144,2.421495808,0.023943908,0.018487101,0.465312112,0.412967884,41.76427711,54.09176917
49,2003459112,0,1,-1,1000,0.028571429,0.028571429,7.213854706,0.916988275,0.186778868,0.115649811,0.921485377,0.742182687,1,0.999973433,0.999119524,0.999119524,0.336129082,0.336129082,0.336129082,0.336129082,1.28911E-05,7.008E-05,0.963176396,0.963176396,0,2.073424526,2.073369442,2.071598926,2.071598926,2.073424526,2.073369442,2.071598926,2.071598926,0.020563535,0.023403821,0.030086514,0.008406946,0.979436465,0.976596179,0.96150654,0.991593054,4878588,4778266.983,2257.516524,70.63998034,19.73862677,0,94201.79743,2947.669727,823.654711,0,1.085969127,2.44621052,0.032112289,0.018081674,0.920836491,0.40879556,31.14072629,55.30461453
50,195096,0,1,-1,1000,0.028571429,0.028571429,17.83237125,18.79870343,0.100761611,0.156401744,0.782405825,0.874597442,1,0.991807106,0.999054036,0.999054036,0.408818289,0.408818289,0.408818289,0.408818289,8.01329E-05,7.68248E-05,0.83401215,0.83401215,0,1.686586769,1.672768743,1.684991318,1.684991318,1.686586769,1.672768743,1.684991318,1.684991318,0.026333904,0.029927665,0.037208063,0.028114963,0.973666096,0.970072335,0.934676974,0.971885037,4878588,4750115.73,3593.716165,143.0603523,108.0985195,0,116486.3565,4637.143957,3503.894605,0,2.208274697,1.980838738,0.025409816,0.02822338,0.452842213,0.504836654,39.35487013,35.43161711
51,1350800497,0,1,-1,1000,0.028571429,0.028571429,1.633623736,41.20392653,0.156337088,0.072630674,0.829262206,0.992622678,1,0.999911205,0.997450779,0.997450779,0.598515228,0.598515228,0.598515228,0.598515228,3.25683E-05,9.51783E-05,0.929152039,0.929152039,0,1.399063527,1.398939297,1.395497005,1.395497005,1.399063527,1.398939297,1.395497005,1.395497005,0.023569618,0.057793527,0.017025084,0.03893016,0.976430382,0.942206473,0.944044756,0.96106984,4878588,4763601.543,6273.62382,113.1397351,258.7093213,0,102278.7383,1844.514382,4217.731847,0,3.933705233,3.559816528,0.025984729,0.018088891,0.254213252,0.280913354,38.48414176,55.28254738
52,1391109909,0,1,-1,1000,0.028571429,0.028571429,14.67093963,2.329806716,0.013409546,0.116632761,0.824774441,0.389093958,1,0.932759197,0.997656807,0.997656807,0.610967523,0.610967523,0.610967523,0.610967523,7.2534E-05,9.75468E-05,0.845490798,0.845490798,0,2.339344143,2.182044764,2.33386261,2.33386261,2.339344143,2.182044764,2.33386261,2.33386261,0.012682972,0.096612004,0.027621657,0.03573542,0.987317028,0.903387996,0.936642923,0.96426458,4878588,4816713.007,5599.126904,165.1185963,213.6215893,0,52355.6473,1543.971254,1997.507249,0,2.532852119,1.978088507,0.019586856,0.02666986,0.394811838,0.505538552,51.05464573,37.4955101
53,1151176719,0,1,-1,1000,0.028571429,0.028571429,9.111025687,8.427504613,0.191445937,0.014313193,0.60378826,0.437852492,1,0.999842125,0.80016252,0.80016252,0.58248013,0.58248013,0.58248013,0.58248013,2.85377E-06,5.02286E-05,0.908848112,0.908848112,0,2.056904061,2.056579328,1.645857538,1.645857538,2.056904061,2.056579328,1.645857538,1.645857538,0.01948672,0.036762696,0.036150021,0.031360018,0.98051328,0.963237304,0.93248996,0.968639982,4878588,4783520.32,3259.00037,126.3423076,109.6015137,0,85390.65664,3310.356362,2871.722664,0,2.102170894,2.978326328,0.008652786,0.025726938,0.475698718,0.335759044,115.5697183,38.86976408
54,1448136434,0,1,-1,1000,0.028571429,0.028571429,7.43327423,0.232663308,0.199993146,0.161955942,0.896593947,0.536489127,1,0.999979226,0.999853563,0.999853563,0.408729021,0.408729021,0.408729021,0.408729021,9.70401E-05,6.39167E-05,0.829598597,0.829598597,0,4.21662578,4.216538183,4.216008308,4.216008308,4.21662578,4.216538183,4.216008308,4.216008308,0.013703556,0.099971287,0.018204726,0.031935127,0.986296444,0.900028713,0.949860147,0.968064873,4878588,4811733.994,6348.372274,121.6709417,213.4378178,0,57153.58362,1095.387926,1921.553375,0,0.942487425,0.650703291,0.032291696,0.009948601,1.061022114,1.536798743,30.96771363,100.5166423
55,2078253955,0,1,-1,1000,0.028571429,0.028571429,3.157766974,41.93003286,0.085066725,0.134587991,0.388100091,0.763524988,1,0.98882526,0.940309154,0.940309154,0.581717451,0.581717451,0.581717451,0.581717451,1.19537E-05,8.87507E-05,0.910872036,0.910872036,0,1.474607851,1.458129492,1.386587261,1.386587261,1.474607851,1.458129492,1.386587261,1.386587261,0.020336761,0.044715379,0.007166301,0.03118045,0.979663239,0.955284621,0.961653249,0.96881955,4878588,4779373.32,4266.29963,31.79273663,138.3296339,0,91143.81984,679.2095518,2955.228728,0,3.331653145,3.342174561,0.036221237,0.035389333,0.300151293,0.299206394,27.60811257,28.25710196
56,666377098,0,1,-1,1000,0.028571429,0.028571429,23.73991262,32.95813743,0.114800818,0.035734049,0.741280428,0.600209817,1,0.9878968,0.859147719,0.859147719,0.613215667,0.613215667,0.613215667,0.613215667,6.35455E-05,7.13196E-05,0.860818083,0.860818083,0,1.843299705,1.82098988,1.583666738,1.583666738,1.843299705,1.82098988,1.583666738,1.583666738,0.016502811,0.019357359,0.028957468,0.007842201,0.983497189,0.980642641,0.963200331,0.992157799,4878588,4798077.586,1501.117861,45.12931685,12.22182744,0,76046.53969,2286.248452,619.1570362,0,3.0816863,3.003001081,0.009961586,0.018002488,0.324497662,0.333000213,100.3856252,55.54787766
57,646689710,0,1,-1,1000,0.028571429,0.028571429,8.032007217,19.59773131,0.119328907,0.061572733,0.152583978,0.868906088,1,0.994371401,0.9825205,0.9825205,0.585749045,0.585749045,0.585749045,0.585749045,4.59322E-05,8.46115E-05,0.968182391,0.968182391,0,1.8717321,1.86119687,1.839015159,1.839015159,1.8717321,1.86119687,1.839015159,1.839015159,0.013977527,0.052062832,0.026862292,0.018494338,0.986022473,0.947937168,0.95464337,0.981505662,4878588,4810397.407,3389.17048,95.36638382,65.65851351,0,61708.52746,1736.389229,1195.481375,0,3.024815601,2.40343621,0.018513317,0.025142013,0.330598665,0.416070955,54.01517334,39.77406201
58,1057974135,0,1,-1,1000,0.028571429,0.028571429,35.19610061,38.6586924,0.109419213,0.197100918,0.958140293,0.882541719,1,0.993081861,0.988645881,0.988645881,0.61920681,0.61920681,0.61920681,0.61920681,2.25626E-05,7.12612E-05,0.903410477,0.903410477,0,2.018851343,2.004884649,1.995929064,1.995929064,2.018851343,2.004884649,1.995929064,1.995929064,0.016957426,0.03745602,0.033745677,0.015507515,0.983042574,0.96254398,0.950746808,0.984492485,4878588,4795859.706,2946.053127,104.5668059,48.05271265,0,75707.60829,2687.155473,1234.85755,0,2.482702495,2.845636978,0.025634547,0.03304307,0.402786883,0.351415169,39.00985589,30.26353221
59,457638878,0,1,-1,1000,0.028571429,0.028571429,5.47437028,20.36375495,0.182440066,0.127105948,0.582559019,0.825753866,1,0.999876178,0.996060681,0.996060681,0.573550564,0.573550564,0.573550564,0.573550564,3.54268E-06,3.90316E-05,0.818365729,0.818365729,0,1.541437322,1.541246458,1.535365109,1.535365109,1.541437322,1.541246458,1.535365109,1.535365109,0.018957814,0.068733328,0.028709318,0.02860017,0.981042186,0.931266672,0.942690512,0.97139983,4878588,4786100.636,5992.649954,182.5041084,181.8102595,0,81194.3103,2472.744999,2463.344053,0,3.149758965,3.333199393,0.010201781,0.037318466,0.317484611,0.300012055,98.02210006,26.79638575
60,999945433,0,1,-1,1000,0.028571429,0.028571429,29.72263598,17.66093894,0.127412007,0.062501723,0.514333291,0.766837876,1,0.965893782,0.972718202,0.972718202,0.641044663,0.641044663,0.641044663,0.641044663,4.98937E-06,3.84064E-05,0.917148265,0.917148265,0,2.599013438,2.510370919,2.52810768,2.52810768,2.599013438,2.510370919,2.52810768,2.52810768,0.014281925,0.091976909,0.029888629,0.038752504,0.985718075,0.908023091,0.931358866,0.961247496,4878588,4808912.372,5968.658877,191.5427448,248.3473214,0,58924.35545,1890.966297,2451.757781,0,2.166319858,2.216500001,0.01409467,0.03341415,0.46161235,0.451161741,70.94880697,29.92744098
61,827788310,0,1,-1,1000,0.028571429,0.028571429,0.159612987,22.02709843,0.037831483,0.038081672,0.88512879,0.499815924,1,0.984863856,0.871789584,0.871789584,0.403046394,0.403046394,0.403046394,0.403046394,4.24853E-05,3.50974E-05,0.869168056,0.869168056,0,1.492063047,1.469478966,1.300765023,1.300765023,1.492063047,1.469478966,1.300765023,1.300765023,0.02371602,0.005649374,0.019178297,0.01925652,0.97628398,0.994350626,0.961565184,0.98074348,4878588,4762887.308,628.5140826,12.53563435,12.58676376,0,110625.2433,2206.406569,2215.405894,0,2.762293317,2.107124586,0.011179372,0.011287688,0.362018035,0.474580386,89.45046513,88.59210141
62,1217434740,0,1,-1,1000,0.028571429,0.028571429,16.44447425,13.57774502,0.030018627,0.102238207,0.935112969,0.891084849,1,0.982640997,0.997431709,0.997431709,0.560360447,0.560360447,0.560360447,0.560360447,6.13364E-05,8.35832E-06,0.854571692,0.854571692,0,1.588180596,1.560611365,1.584101686,1.584101686,1.588180596,1.560611365,1.584101686,1.584101686,0.018167576,0.057682684,0.035946628,0.033304271,0.981832424,0.942317316,0.9307491,0.966695729,4878588,4789955.881,4758.490603,183.7785205,170.2693695,0,77735.77448,3002.247312,2781.558778,0,2.481940378,3.876301796,0.009876968,0.037208486,0.402910565,0.257977849,101.2456502,26.87558931
63,454179391,0,1,-1,1000,0.028571429,0.028571429,4.377299109,8.831950999,0.104093758,0.091119465,0.903435325,0.91795805,1,0.999170693,0.99811666,0.99811666,0.436214557,0.436214557,0.436214557,0.436214557,2.1902E-05,4.05328E-05,0.974343069,0.974343069,0,2.029253585,2.027570711,2.02543181,2.02543181,2.029253585,2.027570711,2.02543181,2.02543181,0.012791932,0.082100809,0.001167313,0.005358399,0.987208068,0.917899191,0.993474288,0.994641601,4878588,4816181.434,5090.194208,5.980879224,27.4544505,0,56909.12447,66.86711475,306.9448192,0,3.534765711,1.172337718,0.036451074,0.022120104,0.282904181,0.852996525,27.43403425,45.20774406
