Scenario,"Decision Rule (0: fixed, 1: adaptive)",Time of starting social distancing,Time of lifting social distancing,Switch threshold if social distancing is off,Switch threshold if social distancing is on,Objective Function,RNG Seed,DALY,Total Cost,Annual Cost,Total New: I,Total: To I,Averge size: S,Averge size: Population size,Average ratio: % Susceptible
Base,0,5,5,0,0,-592010886.7,1178568022,14821.99499,591862666.7,118372533.3,81908,81908,53604.13619,100000,0.536254264
Base,0,5,5,0,0,-564502054.4,770507023,14133.26479,564360721.7,112872144.3,78102,78102,61121.36864,100000,0.584939775
Base,0,5,5,0,0,-708645155.3,776062361,17742.1314,708467734,141693546.8,98045,98045,50335.78846,100000,0.447920372
Base,0,5,5,0,0,-599939733,1813046880,15020.50708,599789527.9,119957905.6,83005,83005,56243.49826,100000,0.562515313
Base,0,5,5,0,0,-661505742.8,1294424481,16561.91638,661340123.6,132268024.7,91523,91523,51435.11659,100000,0.514478348
Base,0,5,5,0,0,-598891708.6,1842424189,14994.26802,598741765.9,119748353.2,82860,82860,52574.58716,100000,0.525930854
Base,0,5,5,0,0,-670533207.7,1884073784,16787.93425,670365328.4,134073065.7,92772,92772,51151.39521,100000,0.474099615
Base,0,5,5,0,0,-502552973.6,1690207035,12582.26466,502427150.9,100485430.2,69531,69531,62632.20596,100000,0.621706892
Base,0,5,5,0,0,-629624119.2,47691623,15763.70595,629466482.2,125893296.4,87112,87112,54759.30945,100000,0.534034783
Base,0,5,5,0,0,-704727712.6,1667628950,17644.05158,704551272.1,140910254.4,97503,97503,47649.10959,100000,0.389531587
Base,0,5,5,0,0,-617300798.4,805473807,15455.17075,617146246.7,123429249.3,85407,85407,54634.58039,100000,0.533701807
Base,0,5,5,0,0,-682140980.9,2086261044,17078.55451,681970195.3,136394039.1,94378,94378,50373.49664,100000,0.490308014
Base,0,5,5,0,0,-604782328.2,528310406,15141.74965,604630910.7,120926182.1,83675,83675,51331.19014,100000,0.511840951
Base,0,5,5,0,0,-671798064.7,638950699,16819.60209,671629868.7,134325973.7,92947,92947,47900.63556,100000,0.479257257
Base,0,5,5,0,0,-711449523.9,1444268274,17812.34351,711271400.5,142254280.1,98433,98433,41634.6063,100000,0.407810159
Base,0,5,5,0,0,-585932345.4,265445079,14669.80841,585785647.3,117157129.5,81067,81067,58309.96958,100000,0.578354291
Base,0,5,5,0,0,-652196395.4,295947660,16328.84111,652033107,130406621.4,90235,90235,49389.80351,100000,0.490529542
Base,0,5,5,0,0,-713863593.8,232077344,17872.78384,713684866,142736973.2,98767,98767,39969.60833,100000,0.363772895
Base,0,5,5,0,0,-715482610.8,1117720677,17913.31867,715303477.6,143060695.5,98991,98991,49278.7963,100000,0.411991702
Base,0,5,5,0,0,-649319749.3,1964165867,16256.8194,649157181.1,129831436.2,89837,89837,52302.34896,100000,0.497115628
Base,0,5,5,0,0,-658549591.3,845650055,16487.90413,658384712.3,131676942.5,91114,91114,51678.23649,100000,0.503645448
Base,0,5,5,0,0,-571968324.4,817363535,14320.1955,571825122.5,114365024.5,79135,79135,63608.24046,100000,0.578236916
Base,0,5,5,0,0,-506867942.8,1376966213,12690.29722,506741039.8,101348208,70128,70128,64296.62069,100000,0.629174732
Base,0,5,5,0,0,-705978114,956986073,17675.3575,705801360.5,141160272.1,97676,97676,53596.2069,100000,0.429598434
Base,0,5,5,0,0,-711695267.6,1219866412,17818.49612,711517082.6,142303416.5,98467,98467,37627.26344,100000,0.37697738
D:0| T0: 0.10| T1: 0.10| R0: 0.0| R1: 0.0,0,0.096153846,0.096153846,0,0,-592010886.7,1178568022,14821.99499,591862666.7,118372533.3,81908,81908,53604.13619,100000,0.536254264
D:0| T0: 0.10| T1: 0.10| R0: 0.0| R1: 0.0,0,0.096153846,0.096153846,0,0,-564502054.4,770507023,14133.26479,564360721.7,112872144.3,78102,78102,61121.36864,100000,0.584939775
D:0| T0: 0.10| T1: 0.10| R0: 0.0| R1: 0.0,0,0.096153846,0.096153846,0,0,-708645155.3,776062361,17742.1314,708467734,141693546.8,98045,98045,50335.78846,100000,0.447920372
D:0| T0: 0.10| T1: 0.10| R0: 0.0| R1: 0.0,0,0.096153846,0.096153846,0,0,-599939733,1813046880,15020.50708,599789527.9,119957905.6,83005,83005,56243.49826,100000,0.562515313
D:0| T0: 0.10| T1: 0.10| R0: 0.0| R1: 0.0,0,0.096153846,0.096153846,0,0,-661505742.8,1294424481,16561.91638,661340123.6,132268024.7,91523,91523,51435.11659,100000,0.514478348
D:0| T0: 0.10| T1: 0.10| R0: 0.0| R1: 0.0,0,0.096153846,0.096153846,0,0,-598891708.6,1842424189,14994.26802,598741765.9,119748353.2,82860,82860,52574.58716,100000,0.525930854
D:0| T0: 0.10| T1: 0.10| R0: 0.0| R1: 0.0,0,0.096153846,0.096153846,0,0,-670533207.7,1884073784,16787.93425,670365328.4,134073065.7,92772,92772,51151.39521,100000,0.474099615
D:0| T0: 0.10| T1: 0.10| R0: 0.0| R1: 0.0,0,0.096153846,0.096153846,0,0,-502552973.6,1690207035,12582.26466,502427150.9,100485430.2,69531,69531,62632.20596,100000,0.621706892
D:0| T0: 0.10| T1: 0.10| R0: 0.0| R1: 0.0,0,0.096153846,0.096153846,0,0,-629624119.2,47691623,15763.70595,629466482.2,125893296.4,87112,87112,54759.30945,100000,0.534034783
D:0| T0: 0.10| T1: 0.10| R0: 0.0| R1: 0.0,0,0.096153846,0.096153846,0,0,-704727712.6,1667628950,17644.05158,704551272.1,140910254.4,97503,97503,47649.10959,100000,0.389531587
D:0| T0: 0.10| T1: 0.10| R0: 0.0| R1: 0.0,0,0.096153846,0.096153846,0,0,-617300798.4,805473807,15455.17075,617146246.7,123429249.3,85407,85407,54634.58039,100000,0.533701807
D:0| T0: 0.10| T1: 0.10| R0: 0.0| R1: 0.0,0,0.096153846,0.096153846,0,0,-682140980.9,2086261044,17078.55451,681970195.3,136394039.1,94378,94378,50373.49664,100000,0.490308014
D:0| T0: 0.10| T1: 0.10| R0: 0.0| R1: 0.0,0,0.096153846,0.096153846,0,0,-604782328.2,528310406,15141.74965,604630910.7,120926182.1,83675,83675,51331.19014,100000,0.511840951
D:0| T0: 0.10| T1: 0.10| R0: 0.0| R1: 0.0,0,0.096153846,0.096153846,0,0,-671798064.7,638950699,16819.60209,671629868.7,134325973.7,92947,92947,47900.63556,100000,0.479257257
D:0| T0: 0.10| T1: 0.10| R0: 0.0| R1: 0.0,0,0.096153846,0.096153846,0,0,-711449523.9,1444268274,17812.34351,711271400.5,142254280.1,98433,98433,41634.6063,100000,0.407810159
D:0| T0: 0.10| T1: 0.10| R0: 0.0| R1: 0.0,0,0.096153846,0.096153846,0,0,-585932345.4,265445079,14669.80841,585785647.3,117157129.5,81067,81067,58309.96958,100000,0.578354291
D:0| T0: 0.10| T1: 0.10| R0: 0.0| R1: 0.0,0,0.096153846,0.096153846,0,0,-652196395.4,295947660,16328.84111,652033107,130406621.4,90235,90235,49389.80351,100000,0.490529542
D:0| T0: 0.10| T1: 0.10| R0: 0.0| R1: 0.0,0,0.096153846,0.096153846,0,0,-713863593.8,232077344,17872.78384,713684866,142736973.2,98767,98767,39969.60833,100000,0.363772895
D:0| T0: 0.10| T1: 0.10| R0: 0.0| R1: 0.0,0,0.096153846,0.096153846,0,0,-715482610.8,1117720677,17913.31867,715303477.6,143060695.5,98991,98991,49278.7963,100000,0.411991702
D:0| T0: 0.10| T1: 0.10| R0: 0.0| R1: 0.0,0,0.096153846,0.096153846,0,0,-649319749.3,1964165867,16256.8194,649157181.1,129831436.2,89837,89837,52302.34896,100000,0.497115628
D:0| T0: 0.10| T1: 0.10| R0: 0.0| R1: 0.0,0,0.096153846,0.096153846,0,0,-658549591.3,845650055,16487.90413,658384712.3,131676942.5,91114,91114,51678.23649,100000,0.503645448
D:0| T0: 0.10| T1: 0.10| R0: 0.0| R1: 0.0,0,0.096153846,0.096153846,0,0,-571968324.4,817363535,14320.1955,571825122.5,114365024.5,79135,79135,63608.24046,100000,0.578236916
D:0| T0: 0.10| T1: 0.10| R0: 0.0| R1: 0.0,0,0.096153846,0.096153846,0,0,-506867942.8,1376966213,12690.29722,506741039.8,101348208,70128,70128,64296.62069,100000,0.629174732
D:0| T0: 0.10| T1: 0.10| R0: 0.0| R1: 0.0,0,0.096153846,0.096153846,0,0,-705978114,956986073,17675.3575,705801360.5,141160272.1,97676,97676,53596.2069,100000,0.429598434
D:0| T0: 0.10| T1: 0.10| R0: 0.0| R1: 0.0,0,0.096153846,0.096153846,0,0,-711695267.6,1219866412,17818.49612,711517082.6,142303416.5,98467,98467,37627.26344,100000,0.37697738
D:0| T0: 0.10| T1: 0.17| R0: 0.0| R1: 0.0,0,0.096153846,0.173076923,0,0,-941986716.9,1178568022,14806.43251,941838652.5,188367730.5,81822,81822,59969.40328,100000,0.599667549
D:0| T0: 0.10| T1: 0.17| R0: 0.0| R1: 0.0,0,0.096153846,0.173076923,0,0,-913531048.8,770507023,14093.99667,913390108.8,182678021.8,77885,77885,67568.80069,100000,0.657893827
D:0| T0: 0.10| T1: 0.17| R0: 0.0| R1: 0.0,0,0.096153846,0.173076923,0,0,-1058736630,776062361,17729.46426,1058559335,211711867,97975,97975,59085.43981,100000,0.546609694
D:0| T0: 0.10| T1: 0.17| R0: 0.0| R1: 0.0,0,0.096153846,0.173076923,0,0,-950081801.5,1813046880,15009.10666,949931710.5,189986342.1,82942,82942,62687.30892,100000,0.626743079
D:0| T0: 0.10| T1: 0.17| R0: 0.0| R1: 0.0,0,0.096153846,0.173076923,0,0,-1009537307,1294424481,16497.67592,1009372330,201874466.1,91168,91168,55701.8442,100000,0.556974116
D:0| T0: 0.10| T1: 0.17| R0: 0.0| R1: 0.0,0,0.096153846,0.173076923,0,0,-944646530.4,1842424189,14873.02544,944497800.1,188899560,82190,82190,61221.45915,100000,0.612151685
D:0| T0: 0.10| T1: 0.17| R0: 0.0| R1: 0.0,0,0.096153846,0.173076923,0,0,-1018181701,1884073784,16714.10296,1018014560,203602912,92364,92364,58576.51064,100000,0.557416271
D:0| T0: 0.10| T1: 0.17| R0: 0.0| R1: 0.0,0,0.096153846,0.173076923,0,0,-857335260.3,1690207035,12687.03995,857208389.9,171441678,70110,70110,68858.91159,100000,0.685430455
D:0| T0: 0.10| T1: 0.17| R0: 0.0| R1: 0.0,0,0.096153846,0.173076923,0,0,-981457482.3,47691623,15794.64995,981299535.8,196259907.2,87283,87283,56664.78814,100000,0.555369538
D:0| T0: 0.10| T1: 0.17| R0: 0.0| R1: 0.0,0,0.096153846,0.173076923,0,0,-1038766345,1667628950,17229.47437,1038594050,207718810,95212,95212,50951.46286,100000,0.443160387
D:0| T0: 0.10| T1: 0.17| R0: 0.0| R1: 0.0,0,0.096153846,0.173076923,0,0,-970471296,805473807,15519.59218,970316100,194063220,85763,85763,63477.89865,100000,0.625746448
D:0| T0: 0.10| T1: 0.17| R0: 0.0| R1: 0.0,0,0.096153846,0.173076923,0,0,-1032116811,2086261044,17062.99203,1031946181,206389236.2,94292,94292,56383.16216,100000,0.554053956
D:0| T0: 0.10| T1: 0.17| R0: 0.0| R1: 0.0,0,0.096153846,0.173076923,0,0,-954888258,528310406,15129.44444,954736963.6,190947392.7,83607,83607,61173.51987,100000,0.610353411
D:0| T0: 0.10| T1: 0.17| R0: 0.0| R1: 0.0,0,0.096153846,0.173076923,0,0,-1020913792,638950699,16782.50548,1020745967,204149193.4,92742,92742,52967.54054,100000,0.529703077
D:0| T0: 0.10| T1: 0.17| R0: 0.0| R1: 0.0,0,0.096153846,0.173076923,0,0,-1055332357,1444268274,17644.23254,1055155915,211031183,97504,97504,44583.50932,100000,0.4393265
D:0| T0: 0.10| T1: 0.17| R0: 0.0| R1: 0.0,0,0.096153846,0.173076923,0,0,-935857581.4,265445079,14652.97922,935711051.6,187142210.3,80974,80974,56003.42819,100000,0.55660115
D:0| T0: 0.10| T1: 0.17| R0: 0.0| R1: 0.0,0,0.096153846,0.173076923,0,0,-1003588865,295947660,16348.74661,1003425378,200685075.6,90345,90345,54313.86916,100000,0.540301844
D:0| T0: 0.10| T1: 0.17| R0: 0.0| R1: 0.0,0,0.096153846,0.173076923,0,0,-1040450412,232077344,17271.63783,1040277695,208055539,95445,95445,39874.34831,100000,0.374998605
D:0| T0: 0.10| T1: 0.17| R0: 0.0| R1: 0.0,0,0.096153846,0.173076923,0,0,-1019916362,1117720677,16757.53313,1019748787,203949757.4,92604,92604,43576.76879,100000,0.383182642
D:0| T0: 0.10| T1: 0.17| R0: 0.0| R1: 0.0,0,0.096153846,0.173076923,0,0,-999555778.7,1964165867,16247.77145,999393300.9,199878660.2,89787,89787,59017.32627,100000,0.571951145
D:0| T0: 0.10| T1: 0.17| R0: 0.0| R1: 0.0,0,0.096153846,0.173076923,0,0,-1010252855,845650055,16515.59086,1010087699,202017539.8,91267,91267,59465.28272,100000,0.585759787
D:0| T0: 0.10| T1: 0.17| R0: 0.0| R1: 0.0,0,0.096153846,0.173076923,0,0,-925637537,817363535,14397.10311,925493566,185098713.2,79560,79560,66804.65409,100000,0.625593746
D:0| T0: 0.10| T1: 0.17| R0: 0.0| R1: 0.0,0,0.096153846,0.173076923,0,0,-351117815.4,1376966213,13.02905258,351117685.1,70223537.02,72,72,99963.36364,100000,0.999566923
D:0| T0: 0.10| T1: 0.17| R0: 0.0| R1: 0.0,0,0.096153846,0.173076923,0,0,-1056488798,956986073,17673.18599,1056312066,211262413.2,97664,97664,57735.06639,100000,0.498307353
D:0| T0: 0.10| T1: 0.17| R0: 0.0| R1: 0.0,0,0.096153846,0.173076923,0,0,-1061512087,1219866412,17798.95254,1061334098,212266819.5,98359,98359,47402.30303,100000,0.474196935
D:0| T0: 0.10| T1: 0.25| R0: 0.0| R1: 0.0,0,0.096153846,0.25,0,0,-1289837587,1178568022,14737.66806,1289690211,257938042.1,81442,81442,63585.26513,100000,0.635730833
D:0| T0: 0.10| T1: 0.25| R0: 0.0| R1: 0.0,0,0.096153846,0.25,0,0,-527030883,770507023,28.410573,527030598.9,105406119.8,157,157,99925.60227,100000,0.99910973
D:0| T0: 0.10| T1: 0.25| R0: 0.0| R1: 0.0,0,0.096153846,0.25,0,0,-1409066620,776062361,17722.76878,1408889392,281777878.4,97938,97938,59399.5754,100000,0.556888664
D:0| T0: 0.10| T1: 0.25| R0: 0.0| R1: 0.0,0,0.096153846,0.25,0,0,-614087561.4,1813046880,13.57192978,614087425.7,122817485.1,75,75,99955,100000,0.99955241
D:0| T0: 0.10| T1: 0.25| R0: 0.0| R1: 0.0,0,0.096153846,0.25,0,0,-1360843044,1294424481,16515.4099,1360677890,272135578,91266,91266,62219.35583,100000,0.621955474
D:0| T0: 0.10| T1: 0.25| R0: 0.0| R1: 0.0,0,0.096153846,0.25,0,0,-1296588310,1842424189,14906.68383,1296439243,259287848.6,82376,82376,65502.81886,100000,0.654864703
D:0| T0: 0.10| T1: 0.25| R0: 0.0| R1: 0.0,0,0.096153846,0.25,0,0,-1366075938,1884073784,16646.42427,1365909474,273181894.8,91990,91990,62956.25346,100000,0.607552767
D:0| T0: 0.10| T1: 0.25| R0: 0.0| R1: 0.0,0,0.096153846,0.25,0,0,-701700776.9,1690207035,12.66713446,701700650.3,140340130.1,70,70,99954.33333,100000,0.999523762
D:0| T0: 0.10| T1: 0.25| R0: 0.0| R1: 0.0,0,0.096153846,0.25,0,0,-1331592323,47691623,15783.06857,1331434492,266286898.5,87219,87219,63943.63218,100000,0.629672735
D:0| T0: 0.10| T1: 0.25| R0: 0.0| R1: 0.0,0,0.096153846,0.25,0,0,-1350196562,1667628950,16248.8572,1350034074,270006814.7,89793,89793,47108.70588,100000,0.420508211
D:0| T0: 0.10| T1: 0.25| R0: 0.0| R1: 0.0,0,0.096153846,0.25,0,0,-1319905045,805473807,15490.45777,1319750140,263950028,85602,85602,64308.96011,100000,0.635644261
D:0| T0: 0.10| T1: 0.25| R0: 0.0| R1: 0.0,0,0.096153846,0.25,0,0,-1382063730,2086261044,17046.70572,1381893263,276378652.6,94202,94202,60641.93578,100000,0.598739209
D:0| T0: 0.10| T1: 0.25| R0: 0.0| R1: 0.0,0,0.096153846,0.25,0,0,-1305391714,528310406,15127.09197,1305240443,261048088.7,83594,83594,60394.9434,100000,0.602825229
D:0| T0: 0.10| T1: 0.25| R0: 0.0| R1: 0.0,0,0.096153846,0.25,0,0,-1371648537,638950699,16785.9437,1371480677,274296135.4,92761,92761,57254.70134,100000,0.572427826
D:0| T0: 0.10| T1: 0.25| R0: 0.0| R1: 0.0,0,0.096153846,0.25,0,0,-1380712140,1444268274,17012.86637,1380542012,276108402.3,94015,94015,44224.73659,100000,0.437211275
D:0| T0: 0.10| T1: 0.25| R0: 0.0| R1: 0.0,0,0.096153846,0.25,0,0,-1290061648,265445079,14743.27779,1289914215,257982843,81473,81473,63029.18684,100000,0.627260476
D:0| T0: 0.10| T1: 0.25| R0: 0.0| R1: 0.0,0,0.096153846,0.25,0,0,-1352870831,295947660,16315.81206,1352707673,270541534.6,90163,90163,63713.84419,100000,0.63482929
D:0| T0: 0.10| T1: 0.25| R0: 0.0| R1: 0.0,0,0.096153846,0.25,0,0,-1371872597,232077344,16791.55344,1371704681,274340936.3,92792,92792,42317.51121,100000,0.40509129
D:0| T0: 0.10| T1: 0.25| R0: 0.0| R1: 0.0,0,0.096153846,0.25,0,0,-1344978124,1117720677,16118.20476,1344816942,268963388.3,89071,89071,39921.67188,100000,0.362626405
D:0| T0: 0.10| T1: 0.25| R0: 0.0| R1: 0.0,0,0.096153846,0.25,0,0,-1349921908,1964165867,16241.98076,1349759488,269951897.6,89755,89755,62884.01476,100000,0.614381603
D:0| T0: 0.10| T1: 0.25| R0: 0.0| R1: 0.0,0,0.096153846,0.25,0,0,-1360069674,845650055,16496.04728,1359904714,271980942.8,91159,91159,67881.72727,100000,0.672881172
D:0| T0: 0.10| T1: 0.25| R0: 0.0| R1: 0.0,0,0.096153846,0.25,0,0,-702871673.1,817363535,41.98250277,702871253.3,140574250.7,232,232,99895.496,100000,0.998552333
D:0| T0: 0.10| T1: 0.25| R0: 0.0| R1: 0.0,0,0.096153846,0.25,0,0,-438767169.6,1376966213,13.02905258,438767039.3,87753407.87,72,72,99963.37662,100000,0.999567077
D:0| T0: 0.10| T1: 0.25| R0: 0.0| R1: 0.0,0,0.096153846,0.25,0,0,-1407129582,956986073,17674.27175,1406952839,281390567.8,97670,97670,63760.73507,100000,0.577454416
D:0| T0: 0.10| T1: 0.25| R0: 0.0| R1: 0.0,0,0.096153846,0.25,0,0,-1411191579,1219866412,17775.97074,1411013820,282202764,98232,98232,45924.94574,100000,0.45944278
D:0| T0: 0.10| T1: 0.33| R0: 0.0| R1: 0.0,0,0.096153846,0.326923077,0,0,-878560680.4,1178568022,51.75429221,878560162.8,175712032.6,286,286,99819.91089,100000,0.998204412
D:0| T0: 0.10| T1: 0.33| R0: 0.0| R1: 0.0,0,0.096153846,0.326923077,0,0,-527030883,770507023,28.410573,527030598.9,105406119.8,157,157,99925.60227,100000,0.99910973
D:0| T0: 0.10| T1: 0.33| R0: 0.0| R1: 0.0,0,0.096153846,0.326923077,0,0,-1759158094,776062361,17710.10164,1758980993,351796198.6,97868,97868,63410.13383,100000,0.602750643
D:0| T0: 0.10| T1: 0.33| R0: 0.0| R1: 0.0,0,0.096153846,0.326923077,0,0,-614087561.4,1813046880,13.57192978,614087425.7,122817485.1,75,75,99955,100000,0.99955241
D:0| T0: 0.10| T1: 0.33| R0: 0.0| R1: 0.0,0,0.096153846,0.326923077,0,0,-790072906.6,1294424481,30.76304082,790072599,158014519.8,170,170,99894.17347,100000,0.998945556
D:0| T0: 0.10| T1: 0.33| R0: 0.0| R1: 0.0,0,0.096153846,0.326923077,0,0,-878018598.8,1842424189,38.18236243,878018217,175603643.4,211,211,99876.91597,100000,0.9987725
D:0| T0: 0.10| T1: 0.33| R0: 0.0| R1: 0.0,0,0.096153846,0.326923077,0,0,-1713890670,1884073784,16576.75503,1713724902,342744980.5,91605,91605,65182.34263,100000,0.633960167
D:0| T0: 0.10| T1: 0.33| R0: 0.0| R1: 0.0,0,0.096153846,0.326923077,0,0,-789342903.4,1690207035,12.48617539,789342778.6,157868555.7,69,69,99955.66,100000,0.999536667
D:0| T0: 0.10| T1: 0.33| R0: 0.0| R1: 0.0,0,0.096153846,0.326923077,0,0,-1683671430,47691623,15820.16518,1683513228,336702645.6,87424,87424,63463.52885,100000,0.626402819
D:0| T0: 0.10| T1: 0.33| R0: 0.0| R1: 0.0,0,0.096153846,0.326923077,0,0,-1666259770,1667628950,15384.2348,1666105928,333221185.5,85015,85015,43072.75455,100000,0.392632968
D:0| T0: 0.10| T1: 0.33| R0: 0.0| R1: 0.0,0,0.096153846,0.326923077,0,0,-1670538600,805473807,15491.36256,1670383687,334076737.4,85607,85607,69714.22946,100000,0.690674294
D:0| T0: 0.10| T1: 0.33| R0: 0.0| R1: 0.0,0,0.096153846,0.326923077,0,0,-1730268761,2086261044,16986.80827,1730098893,346019778.5,93871,93871,66140.83471,100000,0.65519682
D:0| T0: 0.10| T1: 0.33| R0: 0.0| R1: 0.0,0,0.096153846,0.326923077,0,0,-1053172752,528310406,34.56318116,1053172407,210634481.3,191,191,99875.26667,100000,0.998746667
D:0| T0: 0.10| T1: 0.33| R0: 0.0| R1: 0.0,0,0.096153846,0.326923077,0,0,-1721920705,638950699,16777.80055,1721752927,344350585.3,92716,92716,61121.34431,100000,0.610992507
D:0| T0: 0.10| T1: 0.33| R0: 0.0| R1: 0.0,0,0.096153846,0.326923077,0,0,-1688983829,1444268274,15953.17009,1688824297,337764859.5,88159,88159,41471.37545,100000,0.410998587
D:0| T0: 0.10| T1: 0.33| R0: 0.0| R1: 0.0,0,0.096153846,0.326923077,0,0,-1637478853,265445079,14663.65581,1637332216,327466443.3,81033,81033,68630.4539,100000,0.68385399
D:0| T0: 0.10| T1: 0.33| R0: 0.0| R1: 0.0,0,0.096153846,0.326923077,0,0,-789538052.8,295947660,17.37207011,789537879.1,157907575.8,96,96,99941.52,100000,0.999406768
D:0| T0: 0.10| T1: 0.33| R0: 0.0| R1: 0.0,0,0.096153846,0.326923077,0,0,-1717157615,232077344,16658.54852,1716991029,343398205.8,92057,92057,40964.76897,100000,0.395557465
D:0| T0: 0.10| T1: 0.33| R0: 0.0| R1: 0.0,0,0.096153846,0.326923077,0,0,-1691137700,1117720677,16007.09589,1690977629,338195525.8,88457,88457,39276.87227,100000,0.36364215
D:0| T0: 0.10| T1: 0.33| R0: 0.0| R1: 0.0,0,0.096153846,0.326923077,0,0,-1699883282,1964165867,16226.05636,1699721022,339944204.3,89667,89667,70684.66667,100000,0.696132708
D:0| T0: 0.10| T1: 0.33| R0: 0.0| R1: 0.0,0,0.096153846,0.326923077,0,0,-886887053.1,845650055,260.2191336,886884450.9,177376890.2,1438,1438,99138.81553,100000,0.9910605
D:0| T0: 0.10| T1: 0.33| R0: 0.0| R1: 0.0,0,0.096153846,0.326923077,0,0,-702871673.1,817363535,41.98250277,702871253.3,140574250.7,232,232,99895.496,100000,0.998552333
D:0| T0: 0.10| T1: 0.33| R0: 0.0| R1: 0.0,0,0.096153846,0.326923077,0,0,-438767169.6,1376966213,13.02905258,438767039.3,87753407.87,72,72,99963.37662,100000,0.999567077
D:0| T0: 0.10| T1: 0.33| R0: 0.0| R1: 0.0,0,0.096153846,0.326923077,0,0,-1757372839,956986073,17665.40475,1757196185,351439236.9,97621,97621,66983.99016,100000,0.622442985
D:0| T0: 0.10| T1: 0.33| R0: 0.0| R1: 0.0,0,0.096153846,0.326923077,0,0,-1760401268,1219866412,17741.2266,1760223855,352044771.1,98040,98040,56416.62451,100000,0.563954449
D:0| T0: 0.10| T1: 0.40| R0: 0.0| R1: 0.0,0,0.096153846,0.403846154,0,0,-878560680.4,1178568022,51.75429221,878560162.8,175712032.6,286,286,99819.91089,100000,0.998204412
D:0| T0: 0.10| T1: 0.40| R0: 0.0| R1: 0.0,0,0.096153846,0.403846154,0,0,-527030883,770507023,28.410573,527030598.9,105406119.8,157,157,99925.60227,100000,0.99910973
D:0| T0: 0.10| T1: 0.40| R0: 0.0| R1: 0.0,0,0.096153846,0.403846154,0,0,-2108823131,776062361,17686.75792,2108646263,421729252.7,97739,97739,65959.23448,100000,0.632570815
D:0| T0: 0.10| T1: 0.40| R0: 0.0| R1: 0.0,0,0.096153846,0.403846154,0,0,-614087561.4,1813046880,13.57192978,614087425.7,122817485.1,75,75,99955,100000,0.99955241
D:0| T0: 0.10| T1: 0.40| R0: 0.0| R1: 0.0,0,0.096153846,0.403846154,0,0,-790072906.6,1294424481,30.76304082,790072599,158014519.8,170,170,99894.17347,100000,0.998945556
D:0| T0: 0.10| T1: 0.40| R0: 0.0| R1: 0.0,0,0.096153846,0.403846154,0,0,-878018598.8,1842424189,38.18236243,878018217,175603643.4,211,211,99876.91597,100000,0.9987725
D:0| T0: 0.10| T1: 0.40| R0: 0.0| R1: 0.0,0,0.096153846,0.403846154,0,0,-2061329558,1884073784,16497.67592,2061164582,412232916.3,91168,91168,66195.76736,100000,0.646891119
D:0| T0: 0.10| T1: 0.40| R0: 0.0| R1: 0.0,0,0.096153846,0.403846154,0,0,-789342903.4,1690207035,12.48617539,789342778.6,157868555.7,69,69,99955.66,100000,0.999536667
D:0| T0: 0.10| T1: 0.40| R0: 0.0| R1: 0.0,0,0.096153846,0.403846154,0,0,-2034196569,47691623,15818.35559,2034038386,406807677.1,87414,87414,65098.2069,100000,0.643903092
D:0| T0: 0.10| T1: 0.40| R0: 0.0| R1: 0.0,0,0.096153846,0.403846154,0,0,-2001852369,1667628950,15008.56378,2001702284,400340456.8,82939,82939,42437.45844,100000,0.3927413
D:0| T0: 0.10| T1: 0.40| R0: 0.0| R1: 0.0,0,0.096153846,0.403846154,0,0,-1141017256,805473807,39.44907588,1141016861,228203372.3,218,218,99854.62791,100000,0.998468455
D:0| T0: 0.10| T1: 0.40| R0: 0.0| R1: 0.0,0,0.096153846,0.403846154,0,0,-2081169743,2086261044,16994.40855,2080999799,416199959.9,93913,93913,69040.26007,100000,0.685225963
D:0| T0: 0.10| T1: 0.40| R0: 0.0| R1: 0.0,0,0.096153846,0.403846154,0,0,-1053172752,528310406,34.56318116,1053172407,210634481.3,191,191,99875.26667,100000,0.998746667
D:0| T0: 0.10| T1: 0.40| R0: 0.0| R1: 0.0,0,0.096153846,0.403846154,0,0,-2071383364,638950699,16749.38997,2071215870,414243174.1,92559,92559,64048.79946,100000,0.640211162
D:0| T0: 0.10| T1: 0.40| R0: 0.0| R1: 0.0,0,0.096153846,0.403846154,0,0,-2012202513,1444268274,15267.69716,2012049836,402409967.3,84371,84371,38332.14883,100000,0.380605288
D:0| T0: 0.10| T1: 0.40| R0: 0.0| R1: 0.0,0,0.096153846,0.403846154,0,0,-1316612302,265445079,46.86839749,1316611834,263322366.7,259,259,99836.14094,100000,0.998332517
D:0| T0: 0.10| T1: 0.40| R0: 0.0| R1: 0.0,0,0.096153846,0.403846154,0,0,-789538052.8,295947660,17.37207011,789537879.1,157907575.8,96,96,99941.52,100000,0.999406768
D:0| T0: 0.10| T1: 0.40| R0: 0.0| R1: 0.0,0,0.096153846,0.403846154,0,0,-2066815424,232077344,16635.02385,2066649073,413329814.7,91927,91927,43242.21338,100000,0.419876234
D:0| T0: 0.10| T1: 0.40| R0: 0.0| R1: 0.0,0,0.096153846,0.403846154,0,0,-1853762915,1117720677,11300.89353,1853649906,370729981.2,62450,62450,59023.8805,100000,0.548530621
D:0| T0: 0.10| T1: 0.40| R0: 0.0| R1: 0.0,0,0.096153846,0.403846154,0,0,-1407644246,1964165867,131.5572393,1407642930,281528586,727,727,99521.20513,100000,0.994899388
D:0| T0: 0.10| T1: 0.40| R0: 0.0| R1: 0.0,0,0.096153846,0.403846154,0,0,-886887053.1,845650055,260.2191336,886884450.9,177376890.2,1438,1438,99138.81553,100000,0.9910605
D:0| T0: 0.10| T1: 0.40| R0: 0.0| R1: 0.0,0,0.096153846,0.403846154,0,0,-702871673.1,817363535,41.98250277,702871253.3,140574250.7,232,232,99895.496,100000,0.998552333
D:0| T0: 0.10| T1: 0.40| R0: 0.0| R1: 0.0,0,0.096153846,0.403846154,0,0,-438767169.6,1376966213,13.02905258,438767039.3,87753407.87,72,72,99963.37662,100000,0.999567077
D:0| T0: 0.10| T1: 0.40| R0: 0.0| R1: 0.0,0,0.096153846,0.403846154,0,0,-2108497882,956986073,17678.61477,2108321096,421664219.1,97694,97694,71206.5528,100000,0.672976842
D:0| T0: 0.10| T1: 0.40| R0: 0.0| R1: 0.0,0,0.096153846,0.403846154,0,0,-2109235113,1219866412,17697.07259,2109058142,421811628.4,97796,97796,49874.23442,100000,0.498780621
D:0| T0: 0.10| T1: 0.48| R0: 0.0| R1: 0.0,0,0.096153846,0.480769231,0,0,-878560680.4,1178568022,51.75429221,878560162.8,175712032.6,286,286,99819.91089,100000,0.998204412
D:0| T0: 0.10| T1: 0.48| R0: 0.0| R1: 0.0,0,0.096153846,0.480769231,0,0,-527030883,770507023,28.410573,527030598.9,105406119.8,157,157,99925.60227,100000,0.99910973
D:0| T0: 0.10| T1: 0.48| R0: 0.0| R1: 0.0,0,0.096153846,0.480769231,0,0,-2456775190,776062361,17620.52691,2456598985,491319796.9,97373,97373,64809.80122,100000,0.623590586
D:0| T0: 0.10| T1: 0.48| R0: 0.0| R1: 0.0,0,0.096153846,0.480769231,0,0,-614087561.4,1813046880,13.57192978,614087425.7,122817485.1,75,75,99955,100000,0.99955241
D:0| T0: 0.10| T1: 0.48| R0: 0.0| R1: 0.0,0,0.096153846,0.480769231,0,0,-790072906.6,1294424481,30.76304082,790072599,158014519.8,170,170,99894.17347,100000,0.998945556
D:0| T0: 0.10| T1: 0.48| R0: 0.0| R1: 0.0,0,0.096153846,0.480769231,0,0,-878018598.8,1842424189,38.18236243,878018217,175603643.4,211,211,99876.91597,100000,0.9987725
D:0| T0: 0.10| T1: 0.48| R0: 0.0| R1: 0.0,0,0.096153846,0.480769231,0,0,-2407864978,1884073784,16395.97692,2407701018,481540203.6,90606,90606,67942.05329,100000,0.666503409
D:0| T0: 0.10| T1: 0.48| R0: 0.0| R1: 0.0,0,0.096153846,0.480769231,0,0,-789342903.4,1690207035,12.48617539,789342778.6,157868555.7,69,69,99955.66,100000,0.999536667
D:0| T0: 0.10| T1: 0.48| R0: 0.0| R1: 0.0,0,0.096153846,0.480769231,0,0,-2383305069,47691623,15781.07802,2383147258,476629451.6,87208,87208,70788.67452,100000,0.701848039
D:0| T0: 0.10| T1: 0.48| R0: 0.0| R1: 0.0,0,0.096153846,0.480769231,0,0,-2346595306,1667628950,14861.98694,2346446686,469289337.2,82129,82129,40892.47465,100000,0.383067442
D:0| T0: 0.10| T1: 0.48| R0: 0.0| R1: 0.0,0,0.096153846,0.480769231,0,0,-1141017256,805473807,39.44907588,1141016861,228203372.3,218,218,99854.62791,100000,0.998468455
D:0| T0: 0.10| T1: 0.48| R0: 0.0| R1: 0.0,0,0.096153846,0.480769231,0,0,-2431890032,2086261044,16997.48485,2431720058,486344011.5,93930,93930,74353.18151,100000,0.73924699
D:0| T0: 0.10| T1: 0.48| R0: 0.0| R1: 0.0,0,0.096153846,0.480769231,0,0,-1053172752,528310406,34.56318116,1053172407,210634481.3,191,191,99875.26667,100000,0.998746667
D:0| T0: 0.10| T1: 0.48| R0: 0.0| R1: 0.0,0,0.096153846,0.480769231,0,0,-2424076830,638950699,16801.8681,2423908811,484781762.3,92849,92849,67417.89526,100000,0.673837015
D:0| T0: 0.10| T1: 0.48| R0: 0.0| R1: 0.0,0,0.096153846,0.480769231,0,0,-2360154572,1444268274,15201.46614,2360002558,472000511.6,84005,84005,37713.65111,100000,0.374816214
D:0| T0: 0.10| T1: 0.48| R0: 0.0| R1: 0.0,0,0.096153846,0.480769231,0,0,-1316612302,265445079,46.86839749,1316611834,263322366.7,259,259,99836.14094,100000,0.998332517
D:0| T0: 0.10| T1: 0.48| R0: 0.0| R1: 0.0,0,0.096153846,0.480769231,0,0,-789538052.8,295947660,17.37207011,789537879.1,157907575.8,96,96,99941.52,100000,0.999406768
D:0| T0: 0.10| T1: 0.48| R0: 0.0| R1: 0.0,0,0.096153846,0.480769231,0,0,-2417976606,232077344,16649.13865,2417810114,483562022.8,92005,92005,44366.759,100000,0.432971831
D:0| T0: 0.10| T1: 0.48| R0: 0.0| R1: 0.0,0,0.096153846,0.480769231,0,0,-1853762915,1117720677,11300.89353,1853649906,370729981.2,62450,62450,59023.8805,100000,0.548530621
D:0| T0: 0.10| T1: 0.48| R0: 0.0| R1: 0.0,0,0.096153846,0.480769231,0,0,-1407644246,1964165867,131.5572393,1407642930,281528586,727,727,99521.20513,100000,0.994899388
D:0| T0: 0.10| T1: 0.48| R0: 0.0| R1: 0.0,0,0.096153846,0.480769231,0,0,-886887053.1,845650055,260.2191336,886884450.9,177376890.2,1438,1438,99138.81553,100000,0.9910605
D:0| T0: 0.10| T1: 0.48| R0: 0.0| R1: 0.0,0,0.096153846,0.480769231,0,0,-702871673.1,817363535,41.98250277,702871253.3,140574250.7,232,232,99895.496,100000,0.998552333
D:0| T0: 0.10| T1: 0.48| R0: 0.0| R1: 0.0,0,0.096153846,0.480769231,0,0,-438767169.6,1376966213,13.02905258,438767039.3,87753407.87,72,72,99963.37662,100000,0.999567077
D:0| T0: 0.10| T1: 0.48| R0: 0.0| R1: 0.0,0,0.096153846,0.480769231,0,0,-2458415890,956986073,17661.60461,2458239274,491647854.8,97600,97600,73600.91854,100000,0.703865643
D:0| T0: 0.10| T1: 0.48| R0: 0.0| R1: 0.0,0,0.096153846,0.480769231,0,0,-2457664204,1219866412,17642.78487,2457487776,491497555.2,97496,97496,59340.07143,100000,0.593152601
D:0| T0: 0.10| T1: 0.56| R0: 0.0| R1: 0.0,0,0.096153846,0.557692308,0,0,-878560680.4,1178568022,51.75429221,878560162.8,175712032.6,286,286,99819.91089,100000,0.998204412
D:0| T0: 0.10| T1: 0.56| R0: 0.0| R1: 0.0,0,0.096153846,0.557692308,0,0,-527030883,770507023,28.410573,527030598.9,105406119.8,157,157,99925.60227,100000,0.99910973
D:0| T0: 0.10| T1: 0.56| R0: 0.0| R1: 0.0,0,0.096153846,0.557692308,0,0,-2800997728,776062361,17460.92101,2800823119,560164623.7,96491,96491,64621.68994,100000,0.623859142
D:0| T0: 0.10| T1: 0.56| R0: 0.0| R1: 0.0,0,0.096153846,0.557692308,0,0,-614087561.4,1813046880,13.57192978,614087425.7,122817485.1,75,75,99955,100000,0.99955241
D:0| T0: 0.10| T1: 0.56| R0: 0.0| R1: 0.0,0,0.096153846,0.557692308,0,0,-790072906.6,1294424481,30.76304082,790072599,158014519.8,170,170,99894.17347,100000,0.998945556
D:0| T0: 0.10| T1: 0.56| R0: 0.0| R1: 0.0,0,0.096153846,0.557692308,0,0,-878018598.8,1842424189,38.18236243,878018217,175603643.4,211,211,99876.91597,100000,0.9987725
D:0| T0: 0.10| T1: 0.56| R0: 0.0| R1: 0.0,0,0.096153846,0.557692308,0,0,-2755260500,1884073784,16315.81206,2755097341,551019468.3,90163,90163,67914.37326,100000,0.667709109
D:0| T0: 0.10| T1: 0.56| R0: 0.0| R1: 0.0,0,0.096153846,0.557692308,0,0,-789342903.4,1690207035,12.48617539,789342778.6,157868555.7,69,69,99955.66,100000,0.999536667
D:0| T0: 0.10| T1: 0.56| R0: 0.0| R1: 0.0,0,0.096153846,0.557692308,0,0,-1929883128,47691623,39.99195307,1929882728,385976545.5,221,221,99874.1381,100000,0.998689356
D:0| T0: 0.10| T1: 0.56| R0: 0.0| R1: 0.0,0,0.096153846,0.557692308,0,0,-2468052853,1667628950,11319.53231,2467939658,493587931.6,62553,62553,61757.62911,100000,0.576331295
D:0| T0: 0.10| T1: 0.56| R0: 0.0| R1: 0.0,0,0.096153846,0.557692308,0,0,-1141017256,805473807,39.44907588,1141016861,228203372.3,218,218,99854.62791,100000,0.998468455
D:0| T0: 0.10| T1: 0.56| R0: 0.0| R1: 0.0,0,0.096153846,0.557692308,0,0,-2781576752,2086261044,16974.68401,2781407006,556281401.1,93804,93804,73455.70796,100000,0.73079378
D:0| T0: 0.10| T1: 0.56| R0: 0.0| R1: 0.0,0,0.096153846,0.557692308,0,0,-1053172752,528310406,34.56318116,1053172407,210634481.3,191,191,99875.26667,100000,0.998746667
D:0| T0: 0.10| T1: 0.56| R0: 0.0| R1: 0.0,0,0.096153846,0.557692308,0,0,-2772209583,638950699,16740.16106,2772042181,554408436.3,92508,92508,71866.95735,100000,0.718243499
D:0| T0: 0.10| T1: 0.56| R0: 0.0| R1: 0.0,0,0.096153846,0.557692308,0,0,-2709740104,1444268274,15176.13187,2709588343,541917668.5,83865,83865,35799.43548,100000,0.356091293
D:0| T0: 0.10| T1: 0.56| R0: 0.0| R1: 0.0,0,0.096153846,0.557692308,0,0,-1316612302,265445079,46.86839749,1316611834,263322366.7,259,259,99836.14094,100000,0.998332517
D:0| T0: 0.10| T1: 0.56| R0: 0.0| R1: 0.0,0,0.096153846,0.557692308,0,0,-789538052.8,295947660,17.37207011,789537879.1,157907575.8,96,96,99941.52,100000,0.999406768
D:0| T0: 0.10| T1: 0.56| R0: 0.0| R1: 0.0,0,0.096153846,0.557692308,0,0,-2482738029,232077344,9492.750562,2482643102,496528620.4,52458,52458,60227.09524,100000,0.589290392
D:0| T0: 0.10| T1: 0.56| R0: 0.0| R1: 0.0,0,0.096153846,0.557692308,0,0,-1853762915,1117720677,11300.89353,1853649906,370729981.2,62450,62450,59023.8805,100000,0.548530621
D:0| T0: 0.10| T1: 0.56| R0: 0.0| R1: 0.0,0,0.096153846,0.557692308,0,0,-1407644246,1964165867,131.5572393,1407642930,281528586,727,727,99521.20513,100000,0.994899388
D:0| T0: 0.10| T1: 0.56| R0: 0.0| R1: 0.0,0,0.096153846,0.557692308,0,0,-886887053.1,845650055,260.2191336,886884450.9,177376890.2,1438,1438,99138.81553,100000,0.9910605
D:0| T0: 0.10| T1: 0.56| R0: 0.0| R1: 0.0,0,0.096153846,0.557692308,0,0,-702871673.1,817363535,41.98250277,702871253.3,140574250.7,232,232,99895.496,100000,0.998552333
D:0| T0: 0.10| T1: 0.56| R0: 0.0| R1: 0.0,0,0.096153846,0.557692308,0,0,-438767169.6,1376966213,13.02905258,438767039.3,87753407.87,72,72,99963.37662,100000,0.999567077
D:0| T0: 0.10| T1: 0.56| R0: 0.0| R1: 0.0,0,0.096153846,0.557692308,0,0,-2809280734,956986073,17668.3001,2809104051,561820810.2,97637,97637,75203.04675,100000,0.724268707
D:0| T0: 0.10| T1: 0.56| R0: 0.0| R1: 0.0,0,0.096153846,0.557692308,0,0,-2805045270,1219866412,17562.25809,2804869648,560973929.5,97051,97051,62885.60997,100000,0.628524737
D:0| T0: 0.10| T1: 0.63| R0: 0.0| R1: 0.0,0,0.096153846,0.634615385,0,0,-878560680.4,1178568022,51.75429221,878560162.8,175712032.6,286,286,99819.91089,100000,0.998204412
D:0| T0: 0.10| T1: 0.63| R0: 0.0| R1: 0.0,0,0.096153846,0.634615385,0,0,-527030883,770507023,28.410573,527030598.9,105406119.8,157,157,99925.60227,100000,0.99910973
D:0| T0: 0.10| T1: 0.63| R0: 0.0| R1: 0.0,0,0.096153846,0.634615385,0,0,-3136698744,776062361,17087.96438,3136527864,627305572.8,94430,94430,64133.24552,100000,0.620728194
D:0| T0: 0.10| T1: 0.63| R0: 0.0| R1: 0.0,0,0.096153846,0.634615385,0,0,-614087561.4,1813046880,13.57192978,614087425.7,122817485.1,75,75,99955,100000,0.99955241
D:0| T0: 0.10| T1: 0.63| R0: 0.0| R1: 0.0,0,0.096153846,0.634615385,0,0,-790072906.6,1294424481,30.76304082,790072599,158014519.8,170,170,99894.17347,100000,0.998945556
D:0| T0: 0.10| T1: 0.63| R0: 0.0| R1: 0.0,0,0.096153846,0.634615385,0,0,-878018598.8,1842424189,38.18236243,878018217,175603643.4,211,211,99876.91597,100000,0.9987725
D:0| T0: 0.10| T1: 0.63| R0: 0.0| R1: 0.0,0,0.096153846,0.634615385,0,0,-3102497011,1884073784,16231.66609,3102334694,620466938.9,89698,89698,69325.61538,100000,0.68317285
D:0| T0: 0.10| T1: 0.63| R0: 0.0| R1: 0.0,0,0.096153846,0.634615385,0,0,-789342903.4,1690207035,12.48617539,789342778.6,157868555.7,69,69,99955.66,100000,0.999536667
D:0| T0: 0.10| T1: 0.63| R0: 0.0| R1: 0.0,0,0.096153846,0.634615385,0,0,-1929883128,47691623,39.99195307,1929882728,385976545.5,221,221,99874.1381,100000,0.998689356
D:0| T0: 0.10| T1: 0.63| R0: 0.0| R1: 0.0,0,0.096153846,0.634615385,0,0,-2468052853,1667628950,11319.53231,2467939658,493587931.6,62553,62553,61757.62911,100000,0.576331295
D:0| T0: 0.10| T1: 0.63| R0: 0.0| R1: 0.0,0,0.096153846,0.634615385,0,0,-1141017256,805473807,39.44907588,1141016861,228203372.3,218,218,99854.62791,100000,0.998468455
D:0| T0: 0.10| T1: 0.63| R0: 0.0| R1: 0.0,0,0.096153846,0.634615385,0,0,-3130793668,2086261044,16940.12083,3130624267,626124853.4,93613,93613,77440.4,100000,0.771199664
D:0| T0: 0.10| T1: 0.63| R0: 0.0| R1: 0.0,0,0.096153846,0.634615385,0,0,-1053172752,528310406,34.56318116,1053172407,210634481.3,191,191,99875.26667,100000,0.998746667
D:0| T0: 0.10| T1: 0.63| R0: 0.0| R1: 0.0,0,0.096153846,0.634615385,0,0,-3123421359,638950699,16755.54258,3123253804,624650760.8,92593,92593,69546.19713,100000,0.695139611
D:0| T0: 0.10| T1: 0.63| R0: 0.0| R1: 0.0,0,0.096153846,0.634615385,0,0,-3061371090,1444268274,15202.00902,3061219070,612243814,84008,84008,35925.36713,100000,0.357624185
D:0| T0: 0.10| T1: 0.63| R0: 0.0| R1: 0.0,0,0.096153846,0.634615385,0,0,-1316612302,265445079,46.86839749,1316611834,263322366.7,259,259,99836.14094,100000,0.998332517
D:0| T0: 0.10| T1: 0.63| R0: 0.0| R1: 0.0,0,0.096153846,0.634615385,0,0,-789538052.8,295947660,17.37207011,789537879.1,157907575.8,96,96,99941.52,100000,0.999406768
D:0| T0: 0.10| T1: 0.63| R0: 0.0| R1: 0.0,0,0.096153846,0.634615385,0,0,-2482738029,232077344,9492.750562,2482643102,496528620.4,52458,52458,60227.09524,100000,0.589290392
D:0| T0: 0.10| T1: 0.63| R0: 0.0| R1: 0.0,0,0.096153846,0.634615385,0,0,-1853762915,1117720677,11300.89353,1853649906,370729981.2,62450,62450,59023.8805,100000,0.548530621
D:0| T0: 0.10| T1: 0.63| R0: 0.0| R1: 0.0,0,0.096153846,0.634615385,0,0,-1407644246,1964165867,131.5572393,1407642930,281528586,727,727,99521.20513,100000,0.994899388
D:0| T0: 0.10| T1: 0.63| R0: 0.0| R1: 0.0,0,0.096153846,0.634615385,0,0,-886887053.1,845650055,260.2191336,886884450.9,177376890.2,1438,1438,99138.81553,100000,0.9910605
D:0| T0: 0.10| T1: 0.63| R0: 0.0| R1: 0.0,0,0.096153846,0.634615385,0,0,-702871673.1,817363535,41.98250277,702871253.3,140574250.7,232,232,99895.496,100000,0.998552333
D:0| T0: 0.10| T1: 0.63| R0: 0.0| R1: 0.0,0,0.096153846,0.634615385,0,0,-438767169.6,1376966213,13.02905258,438767039.3,87753407.87,72,72,99963.37662,100000,0.999567077
D:0| T0: 0.10| T1: 0.63| R0: 0.0| R1: 0.0,0,0.096153846,0.634615385,0,0,-3159878151,956986073,17668.3001,3159701468,631940293.6,97637,97637,78035.69363,100000,0.757141132
D:0| T0: 0.10| T1: 0.63| R0: 0.0| R1: 0.0,0,0.096153846,0.634615385,0,0,-3153814065,1219866412,17516.47544,3153638901,630727780.1,96798,96798,63207.22606,100000,0.631766844
D:0| T0: 0.10| T1: 0.71| R0: 0.0| R1: 0.0,0,0.096153846,0.711538462,0,0,-878560680.4,1178568022,51.75429221,878560162.8,175712032.6,286,286,99819.91089,100000,0.998204412
D:0| T0: 0.10| T1: 0.71| R0: 0.0| R1: 0.0,0,0.096153846,0.711538462,0,0,-527030883,770507023,28.410573,527030598.9,105406119.8,157,157,99925.60227,100000,0.99910973
D:0| T0: 0.10| T1: 0.71| R0: 0.0| R1: 0.0,0,0.096153846,0.711538462,0,0,-3466176663,776062361,16559.202,3466011071,693202214.2,91508,91508,60881.63982,100000,0.589425925
D:0| T0: 0.10| T1: 0.71| R0: 0.0| R1: 0.0,0,0.096153846,0.711538462,0,0,-614087561.4,1813046880,13.57192978,614087425.7,122817485.1,75,75,99955,100000,0.99955241
D:0| T0: 0.10| T1: 0.71| R0: 0.0| R1: 0.0,0,0.096153846,0.711538462,0,0,-790072906.6,1294424481,30.76304082,790072599,158014519.8,170,170,99894.17347,100000,0.998945556
D:0| T0: 0.10| T1: 0.71| R0: 0.0| R1: 0.0,0,0.096153846,0.711538462,0,0,-878018598.8,1842424189,38.18236243,878018217,175603643.4,211,211,99876.91597,100000,0.9987725
D:0| T0: 0.10| T1: 0.71| R0: 0.0| R1: 0.0,0,0.096153846,0.711538462,0,0,-3451554916,1884073784,16193.12181,3451392985,690278597,89485,89485,70352.48219,100000,0.694482146
D:0| T0: 0.10| T1: 0.71| R0: 0.0| R1: 0.0,0,0.096153846,0.711538462,0,0,-789342903.4,1690207035,12.48617539,789342778.6,157868555.7,69,69,99955.66,100000,0.999536667
D:0| T0: 0.10| T1: 0.71| R0: 0.0| R1: 0.0,0,0.096153846,0.711538462,0,0,-1929883128,47691623,39.99195307,1929882728,385976545.5,221,221,99874.1381,100000,0.998689356
D:0| T0: 0.10| T1: 0.71| R0: 0.0| R1: 0.0,0,0.096153846,0.711538462,0,0,-2468052853,1667628950,11319.53231,2467939658,493587931.6,62553,62553,61757.62911,100000,0.576331295
D:0| T0: 0.10| T1: 0.71| R0: 0.0| R1: 0.0,0,0.096153846,0.711538462,0,0,-1141017256,805473807,39.44907588,1141016861,228203372.3,218,218,99854.62791,100000,0.998468455
D:0| T0: 0.10| T1: 0.71| R0: 0.0| R1: 0.0,0,0.096153846,0.711538462,0,0,-3481571779,2086261044,16944.6448,3481402333,696280466.6,93638,93638,77568.34422,100000,0.772797063
D:0| T0: 0.10| T1: 0.71| R0: 0.0| R1: 0.0,0,0.096153846,0.711538462,0,0,-1053172752,528310406,34.56318116,1053172407,210634481.3,191,191,99875.26667,100000,0.998746667
D:0| T0: 0.10| T1: 0.71| R0: 0.0| R1: 0.0,0,0.096153846,0.711538462,0,0,-3474459669,638950699,16766.58109,3474292003,694858400.7,92654,92654,74541.50615,100000,0.744990491
D:0| T0: 0.10| T1: 0.71| R0: 0.0| R1: 0.0,0,0.096153846,0.711538462,0,0,-3286241724,1444268274,12054.22611,3286121181,657224236.3,66613,66613,52756.61719,100000,0.524409608
D:0| T0: 0.10| T1: 0.71| R0: 0.0| R1: 0.0,0,0.096153846,0.711538462,0,0,-1316612302,265445079,46.86839749,1316611834,263322366.7,259,259,99836.14094,100000,0.998332517
D:0| T0: 0.10| T1: 0.71| R0: 0.0| R1: 0.0,0,0.096153846,0.711538462,0,0,-789538052.8,295947660,17.37207011,789537879.1,157907575.8,96,96,99941.52,100000,0.999406768
D:0| T0: 0.10| T1: 0.71| R0: 0.0| R1: 0.0,0,0.096153846,0.711538462,0,0,-2482738029,232077344,9492.750562,2482643102,496528620.4,52458,52458,60227.09524,100000,0.589290392
D:0| T0: 0.10| T1: 0.71| R0: 0.0| R1: 0.0,0,0.096153846,0.711538462,0,0,-1853762915,1117720677,11300.89353,1853649906,370729981.2,62450,62450,59023.8805,100000,0.548530621
D:0| T0: 0.10| T1: 0.71| R0: 0.0| R1: 0.0,0,0.096153846,0.711538462,0,0,-1407644246,1964165867,131.5572393,1407642930,281528586,727,727,99521.20513,100000,0.994899388
D:0| T0: 0.10| T1: 0.71| R0: 0.0| R1: 0.0,0,0.096153846,0.711538462,0,0,-886887053.1,845650055,260.2191336,886884450.9,177376890.2,1438,1438,99138.81553,100000,0.9910605
D:0| T0: 0.10| T1: 0.71| R0: 0.0| R1: 0.0,0,0.096153846,0.711538462,0,0,-702871673.1,817363535,41.98250277,702871253.3,140574250.7,232,232,99895.496,100000,0.998552333
D:0| T0: 0.10| T1: 0.71| R0: 0.0| R1: 0.0,0,0.096153846,0.711538462,0,0,-438767169.6,1376966213,13.02905258,438767039.3,87753407.87,72,72,99963.37662,100000,0.999567077
D:0| T0: 0.10| T1: 0.71| R0: 0.0| R1: 0.0,0,0.096153846,0.711538462,0,0,-3510446657,956986073,17667.57626,3510269981,702053996.3,97633,97633,77506.29688,100000,0.753630316
D:0| T0: 0.10| T1: 0.71| R0: 0.0| R1: 0.0,0,0.096153846,0.711538462,0,0,-3502120284,1219866412,17459.11142,3501945693,700389138.7,96481,96481,61031.10047,100000,0.610097249
D:1| T0: 0.00| T1: 5.00| R0: 4.0| R1: 1.2,1,0,5,4.031154907,1.209346472,-592010886.7,1178568022,14821.99499,591862666.7,118372533.3,81908,81908,53604.13619,100000,0.536254264
D:1| T0: 0.00| T1: 5.00| R0: 4.0| R1: 1.2,1,0,5,4.031154907,1.209346472,-564502054.4,770507023,14133.26479,564360721.7,112872144.3,78102,78102,61121.36864,100000,0.584939775
D:1| T0: 0.00| T1: 5.00| R0: 4.0| R1: 1.2,1,0,5,4.031154907,1.209346472,-708645155.3,776062361,17742.1314,708467734,141693546.8,98045,98045,50335.78846,100000,0.447920372
D:1| T0: 0.00| T1: 5.00| R0: 4.0| R1: 1.2,1,0,5,4.031154907,1.209346472,-599939733,1813046880,15020.50708,599789527.9,119957905.6,83005,83005,56243.49826,100000,0.562515313
D:1| T0: 0.00| T1: 5.00| R0: 4.0| R1: 1.2,1,0,5,4.031154907,1.209346472,-661505742.8,1294424481,16561.91638,661340123.6,132268024.7,91523,91523,51435.11659,100000,0.514478348
D:1| T0: 0.00| T1: 5.00| R0: 4.0| R1: 1.2,1,0,5,4.031154907,1.209346472,-598891708.6,1842424189,14994.26802,598741765.9,119748353.2,82860,82860,52574.58716,100000,0.525930854
D:1| T0: 0.00| T1: 5.00| R0: 4.0| R1: 1.2,1,0,5,4.031154907,1.209346472,-670533207.7,1884073784,16787.93425,670365328.4,134073065.7,92772,92772,51151.39521,100000,0.474099615
D:1| T0: 0.00| T1: 5.00| R0: 4.0| R1: 1.2,1,0,5,4.031154907,1.209346472,-502552973.6,1690207035,12582.26466,502427150.9,100485430.2,69531,69531,62632.20596,100000,0.621706892
D:1| T0: 0.00| T1: 5.00| R0: 4.0| R1: 1.2,1,0,5,4.031154907,1.209346472,-629624119.2,47691623,15763.70595,629466482.2,125893296.4,87112,87112,54759.30945,100000,0.534034783
D:1| T0: 0.00| T1: 5.00| R0: 4.0| R1: 1.2,1,0,5,4.031154907,1.209346472,-704727712.6,1667628950,17644.05158,704551272.1,140910254.4,97503,97503,47649.10959,100000,0.389531587
D:1| T0: 0.00| T1: 5.00| R0: 4.0| R1: 1.2,1,0,5,4.031154907,1.209346472,-617300798.4,805473807,15455.17075,617146246.7,123429249.3,85407,85407,54634.58039,100000,0.533701807
D:1| T0: 0.00| T1: 5.00| R0: 4.0| R1: 1.2,1,0,5,4.031154907,1.209346472,-682140980.9,2086261044,17078.55451,681970195.3,136394039.1,94378,94378,50373.49664,100000,0.490308014
D:1| T0: 0.00| T1: 5.00| R0: 4.0| R1: 1.2,1,0,5,4.031154907,1.209346472,-604782328.2,528310406,15141.74965,604630910.7,120926182.1,83675,83675,51331.19014,100000,0.511840951
D:1| T0: 0.00| T1: 5.00| R0: 4.0| R1: 1.2,1,0,5,4.031154907,1.209346472,-671798064.7,638950699,16819.60209,671629868.7,134325973.7,92947,92947,47900.63556,100000,0.479257257
D:1| T0: 0.00| T1: 5.00| R0: 4.0| R1: 1.2,1,0,5,4.031154907,1.209346472,-711449523.9,1444268274,17812.34351,711271400.5,142254280.1,98433,98433,41634.6063,100000,0.407810159
D:1| T0: 0.00| T1: 5.00| R0: 4.0| R1: 1.2,1,0,5,4.031154907,1.209346472,-585932345.4,265445079,14669.80841,585785647.3,117157129.5,81067,81067,58309.96958,100000,0.578354291
D:1| T0: 0.00| T1: 5.00| R0: 4.0| R1: 1.2,1,0,5,4.031154907,1.209346472,-652196395.4,295947660,16328.84111,652033107,130406621.4,90235,90235,49389.80351,100000,0.490529542
D:1| T0: 0.00| T1: 5.00| R0: 4.0| R1: 1.2,1,0,5,4.031154907,1.209346472,-713863593.8,232077344,17872.78384,713684866,142736973.2,98767,98767,39969.60833,100000,0.363772895
D:1| T0: 0.00| T1: 5.00| R0: 4.0| R1: 1.2,1,0,5,4.031154907,1.209346472,-715482610.8,1117720677,17913.31867,715303477.6,143060695.5,98991,98991,49278.7963,100000,0.411991702
D:1| T0: 0.00| T1: 5.00| R0: 4.0| R1: 1.2,1,0,5,4.031154907,1.209346472,-649319749.3,1964165867,16256.8194,649157181.1,129831436.2,89837,89837,52302.34896,100000,0.497115628
D:1| T0: 0.00| T1: 5.00| R0: 4.0| R1: 1.2,1,0,5,4.031154907,1.209346472,-658549591.3,845650055,16487.90413,658384712.3,131676942.5,91114,91114,51678.23649,100000,0.503645448
D:1| T0: 0.00| T1: 5.00| R0: 4.0| R1: 1.2,1,0,5,4.031154907,1.209346472,-571968324.4,817363535,14320.1955,571825122.5,114365024.5,79135,79135,63608.24046,100000,0.578236916
D:1| T0: 0.00| T1: 5.00| R0: 4.0| R1: 1.2,1,0,5,4.031154907,1.209346472,-506867942.8,1376966213,12690.29722,506741039.8,101348208,70128,70128,64296.62069,100000,0.629174732
D:1| T0: 0.00| T1: 5.00| R0: 4.0| R1: 1.2,1,0,5,4.031154907,1.209346472,-705978114,956986073,17675.3575,705801360.5,141160272.1,97676,97676,53596.2069,100000,0.429598434
D:1| T0: 0.00| T1: 5.00| R0: 4.0| R1: 1.2,1,0,5,4.031154907,1.209346472,-711695267.6,1219866412,17818.49612,711517082.6,142303416.5,98467,98467,37627.26344,100000,0.37697738
D:1| T0: 0.00| T1: 5.00| R0: 3.8| R1: 1.1,1,0,5,3.751883244,1.125564973,-592010886.7,1178568022,14821.99499,591862666.7,118372533.3,81908,81908,53604.13619,100000,0.536254264
D:1| T0: 0.00| T1: 5.00| R0: 3.8| R1: 1.1,1,0,5,3.751883244,1.125564973,-564502054.4,770507023,14133.26479,564360721.7,112872144.3,78102,78102,61121.36864,100000,0.584939775
D:1| T0: 0.00| T1: 5.00| R0: 3.8| R1: 1.1,1,0,5,3.751883244,1.125564973,-708645155.3,776062361,17742.1314,708467734,141693546.8,98045,98045,50335.78846,100000,0.447920372
D:1| T0: 0.00| T1: 5.00| R0: 3.8| R1: 1.1,1,0,5,3.751883244,1.125564973,-599939733,1813046880,15020.50708,599789527.9,119957905.6,83005,83005,56243.49826,100000,0.562515313
D:1| T0: 0.00| T1: 5.00| R0: 3.8| R1: 1.1,1,0,5,3.751883244,1.125564973,-661505742.8,1294424481,16561.91638,661340123.6,132268024.7,91523,91523,51435.11659,100000,0.514478348
D:1| T0: 0.00| T1: 5.00| R0: 3.8| R1: 1.1,1,0,5,3.751883244,1.125564973,-598891708.6,1842424189,14994.26802,598741765.9,119748353.2,82860,82860,52574.58716,100000,0.525930854
D:1| T0: 0.00| T1: 5.00| R0: 3.8| R1: 1.1,1,0,5,3.751883244,1.125564973,-1237757632,1425065649,17822.65818,1237579405,247515881,98490,98490,46238.19748,100000,0.441543913
D:1| T0: 0.00| T1: 5.00| R0: 3.8| R1: 1.1,1,0,5,3.751883244,1.125564973,-502552973.6,1690207035,12582.26466,502427150.9,100485430.2,69531,69531,62632.20596,100000,0.621706892
D:1| T0: 0.00| T1: 5.00| R0: 3.8| R1: 1.1,1,0,5,3.751883244,1.125564973,-629624119.2,47691623,15763.70595,629466482.2,125893296.4,87112,87112,54759.30945,100000,0.534034783
D:1| T0: 0.00| T1: 5.00| R0: 3.8| R1: 1.1,1,0,5,3.751883244,1.125564973,-704727712.6,1667628950,17644.05158,704551272.1,140910254.4,97503,97503,47649.10959,100000,0.389531587
D:1| T0: 0.00| T1: 5.00| R0: 3.8| R1: 1.1,1,0,5,3.751883244,1.125564973,-617300798.4,805473807,15455.17075,617146246.7,123429249.3,85407,85407,54634.58039,100000,0.533701807
D:1| T0: 0.00| T1: 5.00| R0: 3.8| R1: 1.1,1,0,5,3.751883244,1.125564973,-682140980.9,2086261044,17078.55451,681970195.3,136394039.1,94378,94378,50373.49664,100000,0.490308014
D:1| T0: 0.00| T1: 5.00| R0: 3.8| R1: 1.1,1,0,5,3.751883244,1.125564973,-604782328.2,528310406,15141.74965,604630910.7,120926182.1,83675,83675,51331.19014,100000,0.511840951
D:1| T0: 0.00| T1: 5.00| R0: 3.8| R1: 1.1,1,0,5,3.751883244,1.125564973,-671798064.7,638950699,16819.60209,671629868.7,134325973.7,92947,92947,47900.63556,100000,0.479257257
D:1| T0: 0.00| T1: 5.00| R0: 3.8| R1: 1.1,1,0,5,3.751883244,1.125564973,-711449523.9,1444268274,17812.34351,711271400.5,142254280.1,98433,98433,41634.6063,100000,0.407810159
D:1| T0: 0.00| T1: 5.00| R0: 3.8| R1: 1.1,1,0,5,3.751883244,1.125564973,-585932345.4,265445079,14669.80841,585785647.3,117157129.5,81067,81067,58309.96958,100000,0.578354291
D:1| T0: 0.00| T1: 5.00| R0: 3.8| R1: 1.1,1,0,5,3.751883244,1.125564973,-652196395.4,295947660,16328.84111,652033107,130406621.4,90235,90235,49389.80351,100000,0.490529542
D:1| T0: 0.00| T1: 5.00| R0: 3.8| R1: 1.1,1,0,5,3.751883244,1.125564973,-652919170.9,352926956,16346.93702,652755701.5,130551140.3,90335,90335,52490.56504,100000,0.500748936
D:1| T0: 0.00| T1: 5.00| R0: 3.8| R1: 1.1,1,0,5,3.751883244,1.125564973,-715482610.8,1117720677,17913.31867,715303477.6,143060695.5,98991,98991,49278.7963,100000,0.411991702
D:1| T0: 0.00| T1: 5.00| R0: 3.8| R1: 1.1,1,0,5,3.751883244,1.125564973,-649319749.3,1964165867,16256.8194,649157181.1,129831436.2,89837,89837,52302.34896,100000,0.497115628
D:1| T0: 0.00| T1: 5.00| R0: 3.8| R1: 1.1,1,0,5,3.751883244,1.125564973,-658549591.3,845650055,16487.90413,658384712.3,131676942.5,91114,91114,51678.23649,100000,0.503645448
D:1| T0: 0.00| T1: 5.00| R0: 3.8| R1: 1.1,1,0,5,3.751883244,1.125564973,-571968324.4,817363535,14320.1955,571825122.5,114365024.5,79135,79135,63608.24046,100000,0.578236916
D:1| T0: 0.00| T1: 5.00| R0: 3.8| R1: 1.1,1,0,5,3.751883244,1.125564973,-506867942.8,1376966213,12690.29722,506741039.8,101348208,70128,70128,64296.62069,100000,0.629174732
D:1| T0: 0.00| T1: 5.00| R0: 3.8| R1: 1.1,1,0,5,3.751883244,1.125564973,-1237837137,1017704556,17824.64873,1237658890,247531778.1,98501,98501,56756.87629,100000,0.531202889
D:1| T0: 0.00| T1: 5.00| R0: 3.8| R1: 1.1,1,0,5,3.751883244,1.125564973,-1148279655,884329051,17776.87554,1148101887,229620377.3,98237,98237,55909.46977,100000,0.521180553
D:1| T0: 0.00| T1: 5.00| R0: 3.5| R1: 1.0,1,0,5,3.491959055,1.047587716,-592010886.7,1178568022,14821.99499,591862666.7,118372533.3,81908,81908,53604.13619,100000,0.536254264
D:1| T0: 0.00| T1: 5.00| R0: 3.5| R1: 1.0,1,0,5,3.491959055,1.047587716,-564502054.4,770507023,14133.26479,564360721.7,112872144.3,78102,78102,61121.36864,100000,0.584939775
D:1| T0: 0.00| T1: 5.00| R0: 3.5| R1: 1.0,1,0,5,3.491959055,1.047587716,-610723542.1,591862335,15290.498,610570637.2,122114127.4,84497,84497,56012.25,100000,0.500942424
D:1| T0: 0.00| T1: 5.00| R0: 3.5| R1: 1.0,1,0,5,3.491959055,1.047587716,-599939733,1813046880,15020.50708,599789527.9,119957905.6,83005,83005,56243.49826,100000,0.562515313
D:1| T0: 0.00| T1: 5.00| R0: 3.5| R1: 1.0,1,0,5,3.491959055,1.047587716,-661505742.8,1294424481,16561.91638,661340123.6,132268024.7,91523,91523,51435.11659,100000,0.514478348
D:1| T0: 0.00| T1: 5.00| R0: 3.5| R1: 1.0,1,0,5,3.491959055,1.047587716,-598891708.6,1842424189,14994.26802,598741765.9,119748353.2,82860,82860,52574.58716,100000,0.525930854
D:1| T0: 0.00| T1: 5.00| R0: 3.5| R1: 1.0,1,0,5,3.491959055,1.047587716,-1324301139,1425065649,17794.97144,1324123190,264824637.9,98337,98337,45361.94141,100000,0.434014032
D:1| T0: 0.00| T1: 5.00| R0: 3.5| R1: 1.0,1,0,5,3.491959055,1.047587716,-502552973.6,1690207035,12582.26466,502427150.9,100485430.2,69531,69531,62632.20596,100000,0.621706892
D:1| T0: 0.00| T1: 5.00| R0: 3.5| R1: 1.0,1,0,5,3.491959055,1.047587716,-629624119.2,47691623,15763.70595,629466482.2,125893296.4,87112,87112,54759.30945,100000,0.534034783
D:1| T0: 0.00| T1: 5.00| R0: 3.5| R1: 1.0,1,0,5,3.491959055,1.047587716,-704727712.6,1667628950,17644.05158,704551272.1,140910254.4,97503,97503,47649.10959,100000,0.389531587
D:1| T0: 0.00| T1: 5.00| R0: 3.5| R1: 1.0,1,0,5,3.491959055,1.047587716,-617300798.4,805473807,15455.17075,617146246.7,123429249.3,85407,85407,54634.58039,100000,0.533701807
D:1| T0: 0.00| T1: 5.00| R0: 3.5| R1: 1.0,1,0,5,3.491959055,1.047587716,-682140980.9,2086261044,17078.55451,681970195.3,136394039.1,94378,94378,50373.49664,100000,0.490308014
D:1| T0: 0.00| T1: 5.00| R0: 3.5| R1: 1.0,1,0,5,3.491959055,1.047587716,-604782328.2,528310406,15141.74965,604630910.7,120926182.1,83675,83675,51331.19014,100000,0.511840951
D:1| T0: 0.00| T1: 5.00| R0: 3.5| R1: 1.0,1,0,5,3.491959055,1.047587716,-671798064.7,638950699,16819.60209,671629868.7,134325973.7,92947,92947,47900.63556,100000,0.479257257
D:1| T0: 0.00| T1: 5.00| R0: 3.5| R1: 1.0,1,0,5,3.491959055,1.047587716,-2717403144,1444268274,17562.43905,2717227519,543445503.8,97052,97052,66517.1502,100000,0.661919643
D:1| T0: 0.00| T1: 5.00| R0: 3.5| R1: 1.0,1,0,5,3.491959055,1.047587716,-585932345.4,265445079,14669.80841,585785647.3,117157129.5,81067,81067,58309.96958,100000,0.578354291
D:1| T0: 0.00| T1: 5.00| R0: 3.5| R1: 1.0,1,0,5,3.491959055,1.047587716,-652196395.4,295947660,16328.84111,652033107,130406621.4,90235,90235,49389.80351,100000,0.490529542
D:1| T0: 0.00| T1: 5.00| R0: 3.5| R1: 1.0,1,0,5,3.491959055,1.047587716,-652919170.9,352926956,16346.93702,652755701.5,130551140.3,90335,90335,52490.56504,100000,0.500748936
D:1| T0: 0.00| T1: 5.00| R0: 3.5| R1: 1.0,1,0,5,3.491959055,1.047587716,-709317336.5,1929426502,17758.96059,709139746.9,141827949.4,98138,98138,51363.53543,100000,0.428827523
D:1| T0: 0.00| T1: 5.00| R0: 3.5| R1: 1.0,1,0,5,3.491959055,1.047587716,-649319749.3,1964165867,16256.8194,649157181.1,129831436.2,89837,89837,52302.34896,100000,0.497115628
D:1| T0: 0.00| T1: 5.00| R0: 3.5| R1: 1.0,1,0,5,3.491959055,1.047587716,-658549591.3,845650055,16487.90413,658384712.3,131676942.5,91114,91114,51678.23649,100000,0.503645448
D:1| T0: 0.00| T1: 5.00| R0: 3.5| R1: 1.0,1,0,5,3.491959055,1.047587716,-571968324.4,817363535,14320.1955,571825122.5,114365024.5,79135,79135,63608.24046,100000,0.578236916
D:1| T0: 0.00| T1: 5.00| R0: 3.5| R1: 1.0,1,0,5,3.491959055,1.047587716,-506867942.8,1376966213,12690.29722,506741039.8,101348208,70128,70128,64296.62069,100000,0.629174732
D:1| T0: 0.00| T1: 5.00| R0: 3.5| R1: 1.0,1,0,5,3.491959055,1.047587716,-1237837137,1017704556,17824.64873,1237658890,247531778.1,98501,98501,56756.87629,100000,0.531202889
D:1| T0: 0.00| T1: 5.00| R0: 3.5| R1: 1.0,1,0,5,3.491959055,1.047587716,-1322884500,884329051,17759.50347,1322706905,264541380.9,98141,98141,54317.93469,100000,0.509122402
D:1| T0: 0.00| T1: 5.00| R0: 3.3| R1: 1.0,1,0,5,3.250041978,0.975012593,-592010886.7,1178568022,14821.99499,591862666.7,118372533.3,81908,81908,53604.13619,100000,0.536254264
D:1| T0: 0.00| T1: 5.00| R0: 3.3| R1: 1.0,1,0,5,3.250041978,0.975012593,-564502054.4,770507023,14133.26479,564360721.7,112872144.3,78102,78102,61121.37288,100000,0.584939775
D:1| T0: 0.00| T1: 5.00| R0: 3.3| R1: 1.0,1,0,5,3.250041978,0.975012593,-610723542.1,591862335,15290.498,610570637.2,122114127.4,84497,84497,56012.25,100000,0.500942424
D:1| T0: 0.00| T1: 5.00| R0: 3.3| R1: 1.0,1,0,5,3.250041978,0.975012593,-599939733,1813046880,15020.50708,599789527.9,119957905.6,83005,83005,56243.49826,100000,0.562515313
D:1| T0: 0.00| T1: 5.00| R0: 3.3| R1: 1.0,1,0,5,3.250041978,0.975012593,-661505742.8,1294424481,16561.91638,661340123.6,132268024.7,91523,91523,51435.11659,100000,0.514478348
D:1| T0: 0.00| T1: 5.00| R0: 3.3| R1: 1.0,1,0,5,3.250041978,0.975012593,-598891708.6,1842424189,14994.26802,598741765.9,119748353.2,82860,82860,52574.58716,100000,0.525930854
D:1| T0: 0.00| T1: 5.00| R0: 3.3| R1: 1.0,1,0,5,3.250041978,0.975012593,-1324301139,1425065649,17794.97144,1324123190,264824637.9,98337,98337,45361.94141,100000,0.434014032
D:1| T0: 0.00| T1: 5.00| R0: 3.3| R1: 1.0,1,0,5,3.250041978,0.975012593,-502552973.6,1690207035,12582.26466,502427150.9,100485430.2,69531,69531,62632.20596,100000,0.621706892
D:1| T0: 0.00| T1: 5.00| R0: 3.3| R1: 1.0,1,0,5,3.250041978,0.975012593,-629624119.2,47691623,15763.70595,629466482.2,125893296.4,87112,87112,54759.30945,100000,0.534034783
D:1| T0: 0.00| T1: 5.00| R0: 3.3| R1: 1.0,1,0,5,3.250041978,0.975012593,-704727712.6,1667628950,17644.05158,704551272.1,140910254.4,97503,97503,47649.10959,100000,0.389531587
D:1| T0: 0.00| T1: 5.00| R0: 3.3| R1: 1.0,1,0,5,3.250041978,0.975012593,-617300798.4,805473807,15455.17075,617146246.7,123429249.3,85407,85407,54634.58039,100000,0.533701807
D:1| T0: 0.00| T1: 5.00| R0: 3.3| R1: 1.0,1,0,5,3.250041978,0.975012593,-682140980.9,2086261044,17078.55451,681970195.3,136394039.1,94378,94378,50373.49664,100000,0.490308014
D:1| T0: 0.00| T1: 5.00| R0: 3.3| R1: 1.0,1,0,5,3.250041978,0.975012593,-604782328.2,528310406,15141.74965,604630910.7,120926182.1,83675,83675,51331.19014,100000,0.511840951
D:1| T0: 0.00| T1: 5.00| R0: 3.3| R1: 1.0,1,0,5,3.250041978,0.975012593,-671798064.7,638950699,16819.60209,671629868.7,134325973.7,92947,92947,47900.63556,100000,0.479257257
D:1| T0: 0.00| T1: 5.00| R0: 3.3| R1: 1.0,1,0,5,3.250041978,0.975012593,-2801604859,1444268274,17476.12157,2801430098,560286019.6,96575,96575,65275.13962,100000,0.649609356
D:1| T0: 0.00| T1: 5.00| R0: 3.3| R1: 1.0,1,0,5,3.250041978,0.975012593,-585932345.4,265445079,14669.80841,585785647.3,117157129.5,81067,81067,58309.96958,100000,0.578354291
D:1| T0: 0.00| T1: 5.00| R0: 3.3| R1: 1.0,1,0,5,3.250041978,0.975012593,-652196395.4,295947660,16328.84111,652033107,130406621.4,90235,90235,49389.80351,100000,0.490529542
D:1| T0: 0.00| T1: 5.00| R0: 3.3| R1: 1.0,1,0,5,3.250041978,0.975012593,-652919170.9,352926956,16346.93702,652755701.5,130551140.3,90335,90335,52490.56504,100000,0.500748936
D:1| T0: 0.00| T1: 5.00| R0: 3.3| R1: 1.0,1,0,5,3.250041978,0.975012593,-2631951027,1929426502,17617.4506,2631774852,526354970.4,97356,97356,71802.95817,100000,0.695332939
D:1| T0: 0.00| T1: 5.00| R0: 3.3| R1: 1.0,1,0,5,3.250041978,0.975012593,-2627224075,1025778016,17499.10337,2627049084,525409816.9,96702,96702,65162.29675,100000,0.651078178
D:1| T0: 0.00| T1: 5.00| R0: 3.3| R1: 1.0,1,0,5,3.250041978,0.975012593,-658549591.3,845650055,16487.90413,658384712.3,131676942.5,91114,91114,51678.23649,100000,0.503645448
D:1| T0: 0.00| T1: 5.00| R0: 3.3| R1: 1.0,1,0,5,3.250041978,0.975012593,-571968324.4,817363535,14320.1955,571825122.5,114365024.5,79135,79135,63608.24046,100000,0.578236916
D:1| T0: 0.00| T1: 5.00| R0: 3.3| R1: 1.0,1,0,5,3.250041978,0.975012593,-506867942.8,1376966213,12690.29722,506741039.8,101348208,70128,70128,64296.62069,100000,0.629174732
D:1| T0: 0.00| T1: 5.00| R0: 3.3| R1: 1.0,1,0,5,3.250041978,0.975012593,-1406667005,956986073,17662.69037,1406490378,281298075.7,97606,97606,60609.0742,100000,0.527583882
D:1| T0: 0.00| T1: 5.00| R0: 3.3| R1: 1.0,1,0,5,3.250041978,0.975012593,-1409305136,884329051,17728.74043,1409127848,281825569.7,97971,97971,58111.13808,100000,0.548863498
D:1| T0: 0.00| T1: 5.00| R0: 3.0| R1: 0.9,1,0,5,3.024884511,0.907465353,-592010886.7,1178568022,14821.99499,591862666.7,118372533.3,81908,81908,53604.13619,100000,0.536254264
D:1| T0: 0.00| T1: 5.00| R0: 3.0| R1: 0.9,1,0,5,3.024884511,0.907465353,-564502054.4,770507023,14133.26479,564360721.7,112872144.3,78102,78102,61121.37288,100000,0.584939775
D:1| T0: 0.00| T1: 5.00| R0: 3.0| R1: 0.9,1,0,5,3.024884511,0.907465353,-610723542.1,591862335,15290.498,610570637.2,122114127.4,84497,84497,56012.25,100000,0.500942424
D:1| T0: 0.00| T1: 5.00| R0: 3.0| R1: 0.9,1,0,5,3.024884511,0.907465353,-599939733,1813046880,15020.50708,599789527.9,119957905.6,83005,83005,56243.49826,100000,0.562515313
D:1| T0: 0.00| T1: 5.00| R0: 3.0| R1: 0.9,1,0,5,3.024884511,0.907465353,-661505742.8,1294424481,16561.91638,661340123.6,132268024.7,91523,91523,51435.11659,100000,0.514478348
D:1| T0: 0.00| T1: 5.00| R0: 3.0| R1: 0.9,1,0,5,3.024884511,0.907465353,-598891708.6,1842424189,14994.26802,598741765.9,119748353.2,82860,82860,52574.58716,100000,0.525930854
D:1| T0: 0.00| T1: 5.00| R0: 3.0| R1: 0.9,1,0,5,3.024884511,0.907465353,-670533207.7,1884073784,16787.93425,670365328.4,134073065.7,92772,92772,57063.94737,100000,0.474099615
D:1| T0: 0.00| T1: 5.00| R0: 3.0| R1: 0.9,1,0,5,3.024884511,0.907465353,-502552973.6,1690207035,12582.26466,502427150.9,100485430.2,69531,69531,62632.20596,100000,0.621706892
D:1| T0: 0.00| T1: 5.00| R0: 3.0| R1: 0.9,1,0,5,3.024884511,0.907465353,-629624119.2,47691623,15763.70595,629466482.2,125893296.4,87112,87112,54759.30945,100000,0.534034783
D:1| T0: 0.00| T1: 5.00| R0: 3.0| R1: 0.9,1,0,5,3.024884511,0.907465353,-2968244718,1667628950,17259.33262,2968072125,593614425,95377,95377,68990.57616,100000,0.666226206
D:1| T0: 0.00| T1: 5.00| R0: 3.0| R1: 0.9,1,0,5,3.024884511,0.907465353,-617300798.4,805473807,15455.17075,617146246.7,123429249.3,85407,85407,54634.58039,100000,0.533701807
D:1| T0: 0.00| T1: 5.00| R0: 3.0| R1: 0.9,1,0,5,3.024884511,0.907465353,-682140980.9,2086261044,17078.55451,681970195.3,136394039.1,94378,94378,50373.49664,100000,0.490308014
D:1| T0: 0.00| T1: 5.00| R0: 3.0| R1: 0.9,1,0,5,3.024884511,0.907465353,-604782328.2,528310406,15141.74965,604630910.7,120926182.1,83675,83675,51331.19014,100000,0.511840951
D:1| T0: 0.00| T1: 5.00| R0: 3.0| R1: 0.9,1,0,5,3.024884511,0.907465353,-671798064.7,638950699,16819.60209,671629868.7,134325973.7,92947,92947,47900.63556,100000,0.479257257
D:1| T0: 0.00| T1: 5.00| R0: 3.0| R1: 0.9,1,0,5,3.024884511,0.907465353,-2884932016,1444268274,17367.90805,2884758337,576951667.5,95977,95977,62888.28622,100000,0.625867624
D:1| T0: 0.00| T1: 5.00| R0: 3.0| R1: 0.9,1,0,5,3.024884511,0.907465353,-585932345.4,265445079,14669.80841,585785647.3,117157129.5,81067,81067,58309.96958,100000,0.578354291
D:1| T0: 0.00| T1: 5.00| R0: 3.0| R1: 0.9,1,0,5,3.024884511,0.907465353,-652196395.4,295947660,16328.84111,652033107,130406621.4,90235,90235,49389.81404,100000,0.490529542
D:1| T0: 0.00| T1: 5.00| R0: 3.0| R1: 0.9,1,0,5,3.024884511,0.907465353,-652919170.9,352926956,16346.93702,652755701.5,130551140.3,90335,90335,52490.56504,100000,0.500748936
D:1| T0: 0.00| T1: 5.00| R0: 3.0| R1: 0.9,1,0,5,3.024884511,0.907465353,-2803137143,1929426502,17514.4849,2802961998,560592399.6,96787,96787,71241.25357,100000,0.690813435
D:1| T0: 0.00| T1: 5.00| R0: 3.0| R1: 0.9,1,0,5,3.024884511,0.907465353,-2711454702,1025778016,17413.50974,2711280567,542256113.4,96229,96229,66532.96371,100000,0.664743855
D:1| T0: 0.00| T1: 5.00| R0: 3.0| R1: 0.9,1,0,5,3.024884511,0.907465353,-658549591.3,845650055,16487.90413,658384712.3,131676942.5,91114,91114,51678.23649,100000,0.503645448
D:1| T0: 0.00| T1: 5.00| R0: 3.0| R1: 0.9,1,0,5,3.024884511,0.907465353,-571968324.4,817363535,14320.1955,571825122.5,114365024.5,79135,79135,63608.24046,100000,0.578236916
D:1| T0: 0.00| T1: 5.00| R0: 3.0| R1: 0.9,1,0,5,3.024884511,0.907465353,-506867942.8,1376966213,12690.29722,506741039.8,101348208,70128,70128,64296.62069,100000,0.629174732
D:1| T0: 0.00| T1: 5.00| R0: 3.0| R1: 0.9,1,0,5,3.024884511,0.907465353,-1406667005,956986073,17662.69037,1406490378,281298075.7,97606,97606,60609.0742,100000,0.527583882
D:1| T0: 0.00| T1: 5.00| R0: 3.0| R1: 0.9,1,0,5,3.024884511,0.907465353,-474733347.9,326985971,11885.75322,474614490.3,94922898.07,65682,65682,74151.34254,100000,0.655193505
D:1| T0: 0.00| T1: 5.00| R0: 2.8| R1: 0.8,1,0,5,2.815325576,0.844597673,-592010886.7,1178568022,14821.99499,591862666.7,118372533.3,81908,81908,53604.13619,100000,0.536254264
D:1| T0: 0.00| T1: 5.00| R0: 2.8| R1: 0.8,1,0,5,2.815325576,0.844597673,-564502054.4,770507023,14133.26479,564360721.7,112872144.3,78102,78102,61121.37288,100000,0.584939775
D:1| T0: 0.00| T1: 5.00| R0: 2.8| R1: 0.8,1,0,5,2.815325576,0.844597673,-610723542.1,591862335,15290.498,610570637.2,122114127.4,84497,84497,56012.25,100000,0.500942424
D:1| T0: 0.00| T1: 5.00| R0: 2.8| R1: 0.8,1,0,5,2.815325576,0.844597673,-599939733,1813046880,15020.50708,599789527.9,119957905.6,83005,83005,56243.49826,100000,0.562515313
D:1| T0: 0.00| T1: 5.00| R0: 2.8| R1: 0.8,1,0,5,2.815325576,0.844597673,-661505742.8,1294424481,16561.91638,661340123.6,132268024.7,91523,91523,51435.11659,100000,0.514478348
D:1| T0: 0.00| T1: 5.00| R0: 2.8| R1: 0.8,1,0,5,2.815325576,0.844597673,-598891708.6,1842424189,14994.26802,598741765.9,119748353.2,82860,82860,52574.58716,100000,0.525930854
D:1| T0: 0.00| T1: 5.00| R0: 2.8| R1: 0.8,1,0,5,2.815325576,0.844597673,-670533207.7,1884073784,16787.93425,670365328.4,134073065.7,92772,92772,57063.94737,100000,0.474099615
D:1| T0: 0.00| T1: 5.00| R0: 2.8| R1: 0.8,1,0,5,2.815325576,0.844597673,-502552973.6,1690207035,12582.26466,502427150.9,100485430.2,69531,69531,62632.20596,100000,0.621706892
D:1| T0: 0.00| T1: 5.00| R0: 2.8| R1: 0.8,1,0,5,2.815325576,0.844597673,-629624119.2,47691623,15763.70595,629466482.2,125893296.4,87112,87112,54759.30945,100000,0.534034783
D:1| T0: 0.00| T1: 5.00| R0: 2.8| R1: 0.8,1,0,5,2.815325576,0.844597673,-3051073160,1667628950,17138.63292,3050901774,610180354.8,94710,94710,70712.30565,100000,0.684596548
D:1| T0: 0.00| T1: 5.00| R0: 2.8| R1: 0.8,1,0,5,2.815325576,0.844597673,-617300798.4,805473807,15455.17075,617146246.7,123429249.3,85407,85407,54634.58039,100000,0.533701807
D:1| T0: 0.00| T1: 5.00| R0: 2.8| R1: 0.8,1,0,5,2.815325576,0.844597673,-682140980.9,2086261044,17078.55451,681970195.3,136394039.1,94378,94378,50373.49664,100000,0.490308014
D:1| T0: 0.00| T1: 5.00| R0: 2.8| R1: 0.8,1,0,5,2.815325576,0.844597673,-604782328.2,528310406,15141.74965,604630910.7,120926182.1,83675,83675,51331.19014,100000,0.511840951
D:1| T0: 0.00| T1: 5.00| R0: 2.8| R1: 0.8,1,0,5,2.815325576,0.844597673,-671798064.7,638950699,16819.60209,671629868.7,134325973.7,92947,92947,47900.63556,100000,0.479257257
D:1| T0: 0.00| T1: 5.00| R0: 2.8| R1: 0.8,1,0,5,2.815325576,0.844597673,-2967225605,1444268274,17233.81739,2967053267,593410653.3,95236,95236,62751.12027,100000,0.624587207
D:1| T0: 0.00| T1: 5.00| R0: 2.8| R1: 0.8,1,0,5,2.815325576,0.844597673,-585932345.4,265445079,14669.80841,585785647.3,117157129.5,81067,81067,58309.96958,100000,0.578354291
D:1| T0: 0.00| T1: 5.00| R0: 2.8| R1: 0.8,1,0,5,2.815325576,0.844597673,-652196395.4,295947660,16328.84111,652033107,130406621.4,90235,90235,49389.81404,100000,0.490529542
D:1| T0: 0.00| T1: 5.00| R0: 2.8| R1: 0.8,1,0,5,2.815325576,0.844597673,-652919170.9,352926956,16346.93702,652755701.5,130551140.3,90335,90335,52490.56504,100000,0.500748936
D:1| T0: 0.00| T1: 5.00| R0: 2.8| R1: 0.8,1,0,5,2.815325576,0.844597673,-2887736385,1929426502,17438.12017,2887562004,577512400.8,96365,96365,73226.26165,100000,0.711958046
D:1| T0: 0.00| T1: 5.00| R0: 2.8| R1: 0.8,1,0,5,2.815325576,0.844597673,-2794940870,1025778016,17309.27732,2794767777,558953555.4,95653,95653,65382.44615,100000,0.653320498
D:1| T0: 0.00| T1: 5.00| R0: 2.8| R1: 0.8,1,0,5,2.815325576,0.844597673,-658549591.3,845650055,16487.90413,658384712.3,131676942.5,91114,91114,51678.23649,100000,0.503645448
D:1| T0: 0.00| T1: 5.00| R0: 2.8| R1: 0.8,1,0,5,2.815325576,0.844597673,-571968324.4,817363535,14320.1955,571825122.5,114365024.5,79135,79135,63608.24046,100000,0.578236916
D:1| T0: 0.00| T1: 5.00| R0: 2.8| R1: 0.8,1,0,5,2.815325576,0.844597673,-506867942.8,1376966213,12690.29722,506741039.8,101348208,70128,70128,64296.62069,100000,0.629174732
D:1| T0: 0.00| T1: 5.00| R0: 2.8| R1: 0.8,1,0,5,2.815325576,0.844597673,-1491020504,956986073,17580.17304,1490844702,298168940.4,97150,97150,60317.68136,100000,0.527924297
D:1| T0: 0.00| T1: 5.00| R0: 2.8| R1: 0.8,1,0,5,2.815325576,0.844597673,-474733347.9,326985971,11885.75322,474614490.3,94922898.07,65682,65682,74246.19817,100000,0.655193505
D:1| T0: 0.00| T1: 5.00| R0: 2.6| R1: 0.8,1,0,5,2.620284533,0.78608536,-592010886.7,1178568022,14821.99499,591862666.7,118372533.3,81908,81908,53604.13619,100000,0.536254264
D:1| T0: 0.00| T1: 5.00| R0: 2.6| R1: 0.8,1,0,5,2.620284533,0.78608536,-564502054.4,770507023,14133.26479,564360721.7,112872144.3,78102,78102,61121.37288,100000,0.584939775
D:1| T0: 0.00| T1: 5.00| R0: 2.6| R1: 0.8,1,0,5,2.620284533,0.78608536,-610723542.1,591862335,15290.498,610570637.2,122114127.4,84497,84497,56142.77745,100000,0.500942424
D:1| T0: 0.00| T1: 5.00| R0: 2.6| R1: 0.8,1,0,5,2.620284533,0.78608536,-599939733,1813046880,15020.50708,599789527.9,119957905.6,83005,83005,56243.49826,100000,0.562515313
D:1| T0: 0.00| T1: 5.00| R0: 2.6| R1: 0.8,1,0,5,2.620284533,0.78608536,-661505742.8,1294424481,16561.91638,661340123.6,132268024.7,91523,91523,51435.11659,100000,0.514478348
D:1| T0: 0.00| T1: 5.00| R0: 2.6| R1: 0.8,1,0,5,2.620284533,0.78608536,-598891708.6,1842424189,14994.26802,598741765.9,119748353.2,82860,82860,52574.58716,100000,0.525930854
D:1| T0: 0.00| T1: 5.00| R0: 2.6| R1: 0.8,1,0,5,2.620284533,0.78608536,-670533207.7,1884073784,16787.93425,670365328.4,134073065.7,92772,92772,57063.94737,100000,0.474099615
D:1| T0: 0.00| T1: 5.00| R0: 2.6| R1: 0.8,1,0,5,2.620284533,0.78608536,-502552973.6,1690207035,12582.26466,502427150.9,100485430.2,69531,69531,62632.20596,100000,0.621706892
D:1| T0: 0.00| T1: 5.00| R0: 2.6| R1: 0.8,1,0,5,2.620284533,0.78608536,-629624119.2,47691623,15763.70595,629466482.2,125893296.4,87112,87112,54759.30945,100000,0.534034783
D:1| T0: 0.00| T1: 5.00| R0: 2.6| R1: 0.8,1,0,5,2.620284533,0.78608536,-2429555468,1667628950,16939.03507,2429386077,485877215.5,93607,93607,63905.76226,100000,0.607686898
D:1| T0: 0.00| T1: 5.00| R0: 2.6| R1: 0.8,1,0,5,2.620284533,0.78608536,-617300798.4,805473807,15455.17075,617146246.7,123429249.3,85407,85407,54634.58039,100000,0.533701807
D:1| T0: 0.00| T1: 5.00| R0: 2.6| R1: 0.8,1,0,5,2.620284533,0.78608536,-682140980.9,2086261044,17078.55451,681970195.3,136394039.1,94378,94378,50373.50336,100000,0.490308014
D:1| T0: 0.00| T1: 5.00| R0: 2.6| R1: 0.8,1,0,5,2.620284533,0.78608536,-604782328.2,528310406,15141.74965,604630910.7,120926182.1,83675,83675,51331.19014,100000,0.511840951
D:1| T0: 0.00| T1: 5.00| R0: 2.6| R1: 0.8,1,0,5,2.620284533,0.78608536,-671798064.7,638950699,16819.60209,671629868.7,134325973.7,92947,92947,47900.63556,100000,0.479257257
D:1| T0: 0.00| T1: 5.00| R0: 2.6| R1: 0.8,1,0,5,2.620284533,0.78608536,-2967225605,1444268274,17233.81739,2967053267,593410653.3,95236,95236,62751.12027,100000,0.624587207
D:1| T0: 0.00| T1: 5.00| R0: 2.6| R1: 0.8,1,0,5,2.620284533,0.78608536,-585932345.4,265445079,14669.80841,585785647.3,117157129.5,81067,81067,58309.96958,100000,0.578354291
D:1| T0: 0.00| T1: 5.00| R0: 2.6| R1: 0.8,1,0,5,2.620284533,0.78608536,-652196395.4,295947660,16328.84111,652033107,130406621.4,90235,90235,49389.81404,100000,0.490529542
D:1| T0: 0.00| T1: 5.00| R0: 2.6| R1: 0.8,1,0,5,2.620284533,0.78608536,-652919170.9,352926956,16346.93702,652755701.5,130551140.3,90335,90335,52490.56504,100000,0.500748936
D:1| T0: 0.00| T1: 5.00| R0: 2.6| R1: 0.8,1,0,5,2.620284533,0.78608536,-2971670674,1929426502,17345.10721,2971497223,594299444.5,95851,95851,68692.0719,100000,0.665694896
D:1| T0: 0.00| T1: 5.00| R0: 2.6| R1: 0.8,1,0,5,2.620284533,0.78608536,-2878072878,1025778016,17196.1779,2877900916,575580183.2,95028,95028,64778.34444,100000,0.647332251
D:1| T0: 0.00| T1: 5.00| R0: 2.6| R1: 0.8,1,0,5,2.620284533,0.78608536,-658549591.3,845650055,16487.90413,658384712.3,131676942.5,91114,91114,51678.23649,100000,0.503645448
D:1| T0: 0.00| T1: 5.00| R0: 2.6| R1: 0.8,1,0,5,2.620284533,0.78608536,-571968324.4,817363535,14320.1955,571825122.5,114365024.5,79135,79135,63608.24046,100000,0.578236916
D:1| T0: 0.00| T1: 5.00| R0: 2.6| R1: 0.8,1,0,5,2.620284533,0.78608536,-506867942.8,1376966213,12690.29722,506741039.8,101348208,70128,70128,64296.62069,100000,0.629174732
D:1| T0: 0.00| T1: 5.00| R0: 2.6| R1: 0.8,1,0,5,2.620284533,0.78608536,-1491020504,956986073,17580.17304,1490844702,298168940.4,97150,97150,60317.68136,100000,0.527924297
D:1| T0: 0.00| T1: 5.00| R0: 2.6| R1: 0.8,1,0,5,2.620284533,0.78608536,-474733347.9,326985971,11885.75322,474614490.3,94922898.07,65682,65682,74246.21835,100000,0.655193505
D:1| T0: 0.00| T1: 5.00| R0: 2.4| R1: 0.7,1,0,5,2.438755608,0.731626682,-592010886.7,1178568022,14821.99499,591862666.7,118372533.3,81908,81908,53604.13619,100000,0.536254264
D:1| T0: 0.00| T1: 5.00| R0: 2.4| R1: 0.7,1,0,5,2.438755608,0.731626682,-564502054.4,770507023,14133.26479,564360721.7,112872144.3,78102,78102,61121.37288,100000,0.584939775
D:1| T0: 0.00| T1: 5.00| R0: 2.4| R1: 0.7,1,0,5,2.438755608,0.731626682,-610723542.1,591862335,15290.498,610570637.2,122114127.4,84497,84497,56909.71137,100000,0.500942424
D:1| T0: 0.00| T1: 5.00| R0: 2.4| R1: 0.7,1,0,5,2.438755608,0.731626682,-599939733,1813046880,15020.50708,599789527.9,119957905.6,83005,83005,56243.49826,100000,0.562515313
D:1| T0: 0.00| T1: 5.00| R0: 2.4| R1: 0.7,1,0,5,2.438755608,0.731626682,-3570334208,258077067,16972.5125,3570164483,714032896.5,93792,93792,57829.23729,100000,0.566667246
D:1| T0: 0.00| T1: 5.00| R0: 2.4| R1: 0.7,1,0,5,2.438755608,0.731626682,-598891708.6,1842424189,14994.26802,598741765.9,119748353.2,82860,82860,52574.58716,100000,0.525930854
D:1| T0: 0.00| T1: 5.00| R0: 2.4| R1: 0.7,1,0,5,2.438755608,0.731626682,-670533207.7,1884073784,16787.93425,670365328.4,134073065.7,92772,92772,57063.94737,100000,0.474099615
D:1| T0: 0.00| T1: 5.00| R0: 2.4| R1: 0.7,1,0,5,2.438755608,0.731626682,-502552973.6,1690207035,12582.26466,502427150.9,100485430.2,69531,69531,62632.20596,100000,0.621706892
D:1| T0: 0.00| T1: 5.00| R0: 2.4| R1: 0.7,1,0,5,2.438755608,0.731626682,-629624119.2,47691623,15763.70595,629466482.2,125893296.4,87112,87112,54759.30945,100000,0.534034783
D:1| T0: 0.00| T1: 5.00| R0: 2.4| R1: 0.7,1,0,5,2.438755608,0.731626682,-2509839741,1667628950,16754.63779,2509672194,501934438.8,92588,92588,62058.85106,100000,0.58986313
D:1| T0: 0.00| T1: 5.00| R0: 2.4| R1: 0.7,1,0,5,2.438755608,0.731626682,-617300798.4,805473807,15455.17075,617146246.7,123429249.3,85407,85407,54634.58039,100000,0.533701807
D:1| T0: 0.00| T1: 5.00| R0: 2.4| R1: 0.7,1,0,5,2.438755608,0.731626682,-654494821.3,2093978411,16386.38609,654330957.4,130866191.5,90553,90553,54127.73427,100000,0.503220755
D:1| T0: 0.00| T1: 5.00| R0: 2.4| R1: 0.7,1,0,5,2.438755608,0.731626682,-604782328.2,528310406,15141.74965,604630910.7,120926182.1,83675,83675,51331.19014,100000,0.511840951
D:1| T0: 0.00| T1: 5.00| R0: 2.4| R1: 0.7,1,0,5,2.438755608,0.731626682,-610535620.5,1559826573,15285.79307,610382762.6,122076552.5,84471,84471,63120.02059,100000,0.499743375
D:1| T0: 0.00| T1: 5.00| R0: 2.4| R1: 0.7,1,0,5,2.438755608,0.731626682,-3048514535,1444268274,17074.57341,3048343790,609668758,94356,94356,63582.38776,100000,0.632973345
D:1| T0: 0.00| T1: 5.00| R0: 2.4| R1: 0.7,1,0,5,2.438755608,0.731626682,-585932345.4,265445079,14669.80841,585785647.3,117157129.5,81067,81067,58309.96958,100000,0.578354291
D:1| T0: 0.00| T1: 5.00| R0: 2.4| R1: 0.7,1,0,5,2.438755608,0.731626682,-652196395.4,295947660,16328.84111,652033107,130406621.4,90235,90235,49389.81404,100000,0.490529542
D:1| T0: 0.00| T1: 5.00| R0: 2.4| R1: 0.7,1,0,5,2.438755608,0.731626682,-652919170.9,352926956,16346.93702,652755701.5,130551140.3,90335,90335,52490.56504,100000,0.500748936
D:1| T0: 0.00| T1: 5.00| R0: 2.4| R1: 0.7,1,0,5,2.438755608,0.731626682,-3138975486,1929426502,17144.96649,3138804036,627760807.3,94745,94745,69442.57413,100000,0.674451171
D:1| T0: 0.00| T1: 5.00| R0: 2.4| R1: 0.7,1,0,5,2.438755608,0.731626682,-2960417060,1025778016,17063.35395,2960246427,592049285.4,94294,94294,64256.53214,100000,0.642161673
D:1| T0: 0.00| T1: 5.00| R0: 2.4| R1: 0.7,1,0,5,2.438755608,0.731626682,-658549591.3,845650055,16487.90413,658384712.3,131676942.5,91114,91114,51678.23649,100000,0.503645448
D:1| T0: 0.00| T1: 5.00| R0: 2.4| R1: 0.7,1,0,5,2.438755608,0.731626682,-571968324.4,817363535,14320.1955,571825122.5,114365024.5,79135,79135,63608.24046,100000,0.578236916
D:1| T0: 0.00| T1: 5.00| R0: 2.4| R1: 0.7,1,0,5,2.438755608,0.731626682,-506867942.8,1376966213,12690.29722,506741039.8,101348208,70128,70128,64193.74928,100000,0.629174732
D:1| T0: 0.00| T1: 5.00| R0: 2.4| R1: 0.7,1,0,5,2.438755608,0.731626682,-655933144.3,450877156,16422.39695,655768920.4,131153784.1,90752,90752,66178.42857,100000,0.521733608
D:1| T0: 0.00| T1: 5.00| R0: 2.4| R1: 0.7,1,0,5,2.438755608,0.731626682,-474733347.9,326985971,11885.75322,474614490.3,94922898.07,65682,65682,74246.21835,100000,0.655193505
D:1| T0: 0.00| T1: 5.00| R0: 2.3| R1: 0.7,1,0,5,2.269802702,0.680940811,-592010886.7,1178568022,14821.99499,591862666.7,118372533.3,81908,81908,53604.13619,100000,0.536254264
D:1| T0: 0.00| T1: 5.00| R0: 2.3| R1: 0.7,1,0,5,2.269802702,0.680940811,-564502054.4,770507023,14133.26479,564360721.7,112872144.3,78102,78102,61121.37288,100000,0.584939775
D:1| T0: 0.00| T1: 5.00| R0: 2.3| R1: 0.7,1,0,5,2.269802702,0.680940811,-610723542.1,591862335,15290.498,610570637.2,122114127.4,84497,84497,56909.71137,100000,0.500942424
D:1| T0: 0.00| T1: 5.00| R0: 2.3| R1: 0.7,1,0,5,2.269802702,0.680940811,-599939733,1813046880,15020.50708,599789527.9,119957905.6,83005,83005,56243.49826,100000,0.562515313
D:1| T0: 0.00| T1: 5.00| R0: 2.3| R1: 0.7,1,0,5,2.269802702,0.680940811,-3651399078,258077067,16807.65879,3651231001,730246200.3,92881,92881,56863.15618,100000,0.557230549
D:1| T0: 0.00| T1: 5.00| R0: 2.3| R1: 0.7,1,0,5,2.269802702,0.680940811,-598891708.6,1842424189,14994.26802,598741765.9,119748353.2,82860,82860,52574.58716,100000,0.525930854
D:1| T0: 0.00| T1: 5.00| R0: 2.3| R1: 0.7,1,0,5,2.269802702,0.680940811,-522241375.9,1477764684,13075.19715,522110623.9,104422124.8,72255,72255,66035.19962,100000,0.597014773
D:1| T0: 0.00| T1: 5.00| R0: 2.3| R1: 0.7,1,0,5,2.269802702,0.680940811,-502552973.6,1690207035,12582.26466,502427150.9,100485430.2,69531,69531,62632.20596,100000,0.621706892
D:1| T0: 0.00| T1: 5.00| R0: 2.3| R1: 0.7,1,0,5,2.269802702,0.680940811,-629624119.2,47691623,15763.70595,629466482.2,125893296.4,87112,87112,54759.30945,100000,0.534034783
D:1| T0: 0.00| T1: 5.00| R0: 2.3| R1: 0.7,1,0,5,2.269802702,0.680940811,-2589668665,1667628950,16558.84008,2589503076,517900615.3,91506,91506,60519.06355,100000,0.575253154
D:1| T0: 0.00| T1: 5.00| R0: 2.3| R1: 0.7,1,0,5,2.269802702,0.680940811,-617300798.4,805473807,15455.17075,617146246.7,123429249.3,85407,85407,54634.58039,100000,0.533701807
D:1| T0: 0.00| T1: 5.00| R0: 2.3| R1: 0.7,1,0,5,2.269802702,0.680940811,-18701533787,1293107384,806.7155058,18701525720,3740305144,4458,4458,97989.10783,100000,0.979088059
D:1| T0: 0.00| T1: 5.00| R0: 2.3| R1: 0.7,1,0,5,2.269802702,0.680940811,-604782328.2,528310406,15141.74965,604630910.7,120926182.1,83675,83675,51331.19014,100000,0.511840951
D:1| T0: 0.00| T1: 5.00| R0: 2.3| R1: 0.7,1,0,5,2.269802702,0.680940811,-610535620.5,1559826573,15285.79307,610382762.6,122076552.5,84471,84471,63035.42661,100000,0.499743375
D:1| T0: 0.00| T1: 5.00| R0: 2.3| R1: 0.7,1,0,5,2.269802702,0.680940811,-3128806036,1444268274,16890.35708,3128637132,625727426.5,93338,93338,62493.15635,100000,0.622183268
D:1| T0: 0.00| T1: 5.00| R0: 2.3| R1: 0.7,1,0,5,2.269802702,0.680940811,-585932345.4,265445079,14669.80841,585785647.3,117157129.5,81067,81067,58309.96958,100000,0.578354291
D:1| T0: 0.00| T1: 5.00| R0: 2.3| R1: 0.7,1,0,5,2.269802702,0.680940811,-559695597.9,52006295,14012.92701,559555468.6,111911093.7,77437,77437,65593.19667,100000,0.58391747
D:1| T0: 0.00| T1: 5.00| R0: 2.3| R1: 0.7,1,0,5,2.269802702,0.680940811,-1524996556,352926956,16236.37103,1524834192,304966838.4,89724,89724,62210.61934,100000,0.60771725
D:1| T0: 0.00| T1: 5.00| R0: 2.3| R1: 0.7,1,0,5,2.269802702,0.680940811,-3222439971,1929426502,17040.19119,3222269569,644453913.8,94166,94166,70956.25294,100000,0.675762026
D:1| T0: 0.00| T1: 5.00| R0: 2.3| R1: 0.7,1,0,5,2.269802702,0.680940811,-3124064629,1025778016,16771.64794,3123896913,624779382.6,92682,92682,61802.03247,100000,0.617759191
D:1| T0: 0.00| T1: 5.00| R0: 2.3| R1: 0.7,1,0,5,2.269802702,0.680940811,-658549591.3,845650055,16487.90413,658384712.3,131676942.5,91114,91114,51678.23649,100000,0.503645448
D:1| T0: 0.00| T1: 5.00| R0: 2.3| R1: 0.7,1,0,5,2.269802702,0.680940811,-571968324.4,817363535,14320.1955,571825122.5,114365024.5,79135,79135,63608.24046,100000,0.578236916
D:1| T0: 0.00| T1: 5.00| R0: 2.3| R1: 0.7,1,0,5,2.269802702,0.680940811,-506867942.8,1376966213,12690.29722,506741039.8,101348208,70128,70128,64193.74928,100000,0.629174732
D:1| T0: 0.00| T1: 5.00| R0: 2.3| R1: 0.7,1,0,5,2.269802702,0.680940811,-529924478.5,1117623986,13267.55663,529791803,105958360.6,73318,73318,72087.21354,100000,0.615900179
D:1| T0: 0.00| T1: 5.00| R0: 2.3| R1: 0.7,1,0,5,2.269802702,0.680940811,-474733347.9,326985971,11885.75322,474614490.3,94922898.07,65682,65682,74198.88603,100000,0.655193505
D:1| T0: 0.00| T1: 5.00| R0: 2.1| R1: 0.6,1,0,5,2.112554571,0.633766371,-592010886.7,1178568022,14821.99499,591862666.7,118372533.3,81908,81908,53604.13619,100000,0.536254264
D:1| T0: 0.00| T1: 5.00| R0: 2.1| R1: 0.6,1,0,5,2.112554571,0.633766371,-564502054.4,770507023,14133.26479,564360721.7,112872144.3,78102,78102,61121.37288,100000,0.584939775
D:1| T0: 0.00| T1: 5.00| R0: 2.1| R1: 0.6,1,0,5,2.112554571,0.633766371,-610723542.1,591862335,15290.498,610570637.2,122114127.4,84497,84497,59395.58791,100000,0.500942424
D:1| T0: 0.00| T1: 5.00| R0: 2.1| R1: 0.6,1,0,5,2.112554571,0.633766371,-599939733,1813046880,15020.50708,599789527.9,119957905.6,83005,83005,56243.49826,100000,0.562515313
D:1| T0: 0.00| T1: 5.00| R0: 2.1| R1: 0.6,1,0,5,2.112554571,0.633766371,-3732536226,258077067,16644.61468,3732369780,746473955.9,91980,91980,51332.79108,100000,0.502302215
D:1| T0: 0.00| T1: 5.00| R0: 2.1| R1: 0.6,1,0,5,2.112554571,0.633766371,-598891708.6,1842424189,14994.26802,598741765.9,119748353.2,82860,82860,52574.58716,100000,0.525930854
D:1| T0: 0.00| T1: 5.00| R0: 2.1| R1: 0.6,1,0,5,2.112554571,0.633766371,-522241375.9,1477764684,13075.19715,522110623.9,104422124.8,72255,72255,66035.19962,100000,0.597014773
D:1| T0: 0.00| T1: 5.00| R0: 2.1| R1: 0.6,1,0,5,2.112554571,0.633766371,-502552973.6,1690207035,12582.26466,502427150.9,100485430.2,69531,69531,62632.20596,100000,0.621706892
D:1| T0: 0.00| T1: 5.00| R0: 2.1| R1: 0.6,1,0,5,2.112554571,0.633766371,-8411574641,1280416477,6514.164374,8411509499,1682301900,35998,35998,83908.73107,100000,0.811838887
D:1| T0: 0.00| T1: 5.00| R0: 2.1| R1: 0.6,1,0,5,2.112554571,0.633766371,-2669461450,1667628950,16362.13758,2669297829,533859565.8,90419,90419,59788.4359,100000,0.568798082
D:1| T0: 0.00| T1: 5.00| R0: 2.1| R1: 0.6,1,0,5,2.112554571,0.633766371,-617300798.4,805473807,15455.17075,617146246.7,123429249.3,85407,85407,54634.58039,100000,0.533701807
D:1| T0: 0.00| T1: 5.00| R0: 2.1| R1: 0.6,1,0,5,2.112554571,0.633766371,-18701533787,1293107384,806.7155058,18701525720,3740305144,4458,4458,97989.10783,100000,0.979088059
D:1| T0: 0.00| T1: 5.00| R0: 2.1| R1: 0.6,1,0,5,2.112554571,0.633766371,-604782328.2,528310406,15141.74965,604630910.7,120926182.1,83675,83675,51331.19014,100000,0.511840951
D:1| T0: 0.00| T1: 5.00| R0: 2.1| R1: 0.6,1,0,5,2.112554571,0.633766371,-610535620.5,1559826573,15285.79307,610382762.6,122076552.5,84471,84471,62865.09677,100000,0.499743375
D:1| T0: 0.00| T1: 5.00| R0: 2.1| R1: 0.6,1,0,5,2.112554571,0.633766371,-3208714466,1444268274,16696.54993,3208547500,641709500,92267,92267,59739.31118,100000,0.594777636
D:1| T0: 0.00| T1: 5.00| R0: 2.1| R1: 0.6,1,0,5,2.112554571,0.633766371,-585932345.4,265445079,14669.80841,585785647.3,117157129.5,81067,81067,58309.96958,100000,0.578354291
D:1| T0: 0.00| T1: 5.00| R0: 2.1| R1: 0.6,1,0,5,2.112554571,0.633766371,-559695597.9,52006295,14012.92701,559555468.6,111911093.7,77437,77437,65593.19667,100000,0.58391747
D:1| T0: 0.00| T1: 5.00| R0: 2.1| R1: 0.6,1,0,5,2.112554571,0.633766371,-1694101079,352926956,16081.28911,1693940266,338788053.2,88867,88867,62873.91292,100000,0.615616986
D:1| T0: 0.00| T1: 5.00| R0: 2.1| R1: 0.6,1,0,5,2.112554571,0.633766371,-3472934613,1929426502,16728.39872,3472767329,694553465.8,92443,92443,69446.58919,100000,0.662181518
D:1| T0: 0.00| T1: 5.00| R0: 2.1| R1: 0.6,1,0,5,2.112554571,0.633766371,-3204912667,1025778016,16601.36546,3204746653,640949330.7,91741,91741,60996.2866,100000,0.609751832
D:1| T0: 0.00| T1: 5.00| R0: 2.1| R1: 0.6,1,0,5,2.112554571,0.633766371,-3055214664,2047287528,17242.32246,3055042240,611008448.1,95283,95283,66573.52226,100000,0.615239558
D:1| T0: 0.00| T1: 5.00| R0: 2.1| R1: 0.6,1,0,5,2.112554571,0.633766371,-571968324.4,817363535,14320.1955,571825122.5,114365024.5,79135,79135,63186.77992,100000,0.578236916
D:1| T0: 0.00| T1: 5.00| R0: 2.1| R1: 0.6,1,0,5,2.112554571,0.633766371,-506867942.8,1376966213,12690.29722,506741039.8,101348208,70128,70128,64193.74928,100000,0.629174732
D:1| T0: 0.00| T1: 5.00| R0: 2.1| R1: 0.6,1,0,5,2.112554571,0.633766371,-529924478.5,1117623986,13267.55663,529791803,105958360.6,73318,73318,72087.21354,100000,0.615900179
D:1| T0: 0.00| T1: 5.00| R0: 2.1| R1: 0.6,1,0,5,2.112554571,0.633766371,-474733347.9,326985971,11885.75322,474614490.3,94922898.07,65682,65682,74198.88603,100000,0.655193505
D:1| T0: 0.00| T1: 5.00| R0: 2.0| R1: 0.6,1,0,5,1.966200327,0.589860098,-592010886.7,1178568022,14821.99499,591862666.7,118372533.3,81908,81908,53604.13619,100000,0.536254264
D:1| T0: 0.00| T1: 5.00| R0: 2.0| R1: 0.6,1,0,5,1.966200327,0.589860098,-564502054.4,770507023,14133.26479,564360721.7,112872144.3,78102,78102,61121.37288,100000,0.584939775
D:1| T0: 0.00| T1: 5.00| R0: 2.0| R1: 0.6,1,0,5,1.966200327,0.589860098,-7270168706,2008467245,8659.434074,7270082112,1454016422,47853,47853,74181.27417,100000,0.707612724
D:1| T0: 0.00| T1: 5.00| R0: 2.0| R1: 0.6,1,0,5,1.966200327,0.589860098,-599939733,1813046880,15020.50708,599789527.9,119957905.6,83005,83005,56243.49826,100000,0.562515313
D:1| T0: 0.00| T1: 5.00| R0: 2.0| R1: 0.6,1,0,5,1.966200327,0.589860098,-4158712648,258077067,16342.41304,4158549224,831709844.7,90310,90310,57033.80417,100000,0.560238298
D:1| T0: 0.00| T1: 5.00| R0: 2.0| R1: 0.6,1,0,5,1.966200327,0.589860098,-598891708.6,1842424189,14994.26802,598741765.9,119748353.2,82860,82860,52574.58716,100000,0.525930854
D:1| T0: 0.00| T1: 5.00| R0: 2.0| R1: 0.6,1,0,5,1.966200327,0.589860098,-522241375.9,1477764684,13075.19715,522110623.9,104422124.8,72255,72255,66035.20345,100000,0.597014773
D:1| T0: 0.00| T1: 5.00| R0: 2.0| R1: 0.6,1,0,5,1.966200327,0.589860098,-502552973.6,1690207035,12582.26466,502427150.9,100485430.2,69531,69531,62632.20596,100000,0.621706892
D:1| T0: 0.00| T1: 5.00| R0: 2.0| R1: 0.6,1,0,5,1.966200327,0.589860098,-8411574641,1280416477,6514.164374,8411509499,1682301900,35998,35998,83866.54843,100000,0.811838887
D:1| T0: 0.00| T1: 5.00| R0: 2.0| R1: 0.6,1,0,5,1.966200327,0.589860098,-3535872276,1667628950,16109.69968,3535711179,707142235.8,89024,89024,64889.15445,100000,0.626201944
D:1| T0: 0.00| T1: 5.00| R0: 2.0| R1: 0.6,1,0,5,1.966200327,0.589860098,-1580186066,805473807,15423.68387,1580031829,316006365.9,85233,85233,64161.19328,100000,0.63427396
D:1| T0: 0.00| T1: 5.00| R0: 2.0| R1: 0.6,1,0,5,1.966200327,0.589860098,-18701533787,1293107384,806.7155058,18701525720,3740305144,4458,4458,97989.10783,100000,0.979088059
D:1| T0: 0.00| T1: 5.00| R0: 2.0| R1: 0.6,1,0,5,1.966200327,0.589860098,-10373482326,461802880,5161.495373,10373430712,2074686142,28523,28523,85803.68378,100000,0.851098423
D:1| T0: 0.00| T1: 5.00| R0: 2.0| R1: 0.6,1,0,5,1.966200327,0.589860098,-8951442015,1923926824,6863.958244,8951373375,1790274675,37931,37931,79080.31216,100000,0.778266137
D:1| T0: 0.00| T1: 5.00| R0: 2.0| R1: 0.6,1,0,5,1.966200327,0.589860098,-3288037447,1444268274,16488.08509,3287872566,657574513.2,91115,91115,59012.5407,100000,0.587604694
D:1| T0: 0.00| T1: 5.00| R0: 2.0| R1: 0.6,1,0,5,1.966200327,0.589860098,-585932345.4,265445079,14669.80841,585785647.3,117157129.5,81067,81067,58309.96958,100000,0.578354291
D:1| T0: 0.00| T1: 5.00| R0: 2.0| R1: 0.6,1,0,5,1.966200327,0.589860098,-559695597.9,52006295,14012.92701,559555468.6,111911093.7,77437,77437,65593.19667,100000,0.58391747
D:1| T0: 0.00| T1: 5.00| R0: 2.0| R1: 0.6,1,0,5,1.966200327,0.589860098,-589979887.7,1048118869,14771.14549,589832176.3,117966435.3,81627,81627,65532.93539,100000,0.565017032
D:1| T0: 0.00| T1: 5.00| R0: 2.0| R1: 0.6,1,0,5,1.966200327,0.589860098,-3727252737,1929426502,16512.3336,3727087614,745417522.8,91249,91249,67649.50868,100000,0.645458401
D:1| T0: 0.00| T1: 5.00| R0: 2.0| R1: 0.6,1,0,5,1.966200327,0.589860098,-3367729044,1025778016,16288.84916,3367566156,673513231.1,90014,90014,58976.57835,100000,0.589654915
D:1| T0: 0.00| T1: 5.00| R0: 2.0| R1: 0.6,1,0,5,1.966200327,0.589860098,-3137096270,2047287528,17097.91713,3136925291,627385058.2,94485,94485,66724.35569,100000,0.617987367
D:1| T0: 0.00| T1: 5.00| R0: 2.0| R1: 0.6,1,0,5,1.966200327,0.589860098,-571968324.4,817363535,14320.1955,571825122.5,114365024.5,79135,79135,63186.77992,100000,0.578236916
D:1| T0: 0.00| T1: 5.00| R0: 2.0| R1: 0.6,1,0,5,1.966200327,0.589860098,-506867942.8,1376966213,12690.29722,506741039.8,101348208,70128,70128,64193.74928,100000,0.629174732
D:1| T0: 0.00| T1: 5.00| R0: 2.0| R1: 0.6,1,0,5,1.966200327,0.589860098,-529924478.5,1117623986,13267.55663,529791803,105958360.6,73318,73318,71417.40267,100000,0.615900179
D:1| T0: 0.00| T1: 5.00| R0: 2.0| R1: 0.6,1,0,5,1.966200327,0.589860098,-474733347.9,326985971,11885.75322,474614490.3,94922898.07,65682,65682,74198.88603,100000,0.655193505
D:1| T0: 0.00| T1: 5.00| R0: 1.8| R1: 0.5,1,0,5,1.82998526,0.548995578,-1402678778,825907577,7.238362547,1402678706,280535741.2,40,40,99984.6802,100000,0.999760545
D:1| T0: 0.00| T1: 5.00| R0: 1.8| R1: 0.5,1,0,5,1.82998526,0.548995578,-564502054.4,770507023,14133.26479,564360721.7,112872144.3,78102,78102,61121.37288,100000,0.584939775
D:1| T0: 0.00| T1: 5.00| R0: 1.8| R1: 0.5,1,0,5,1.82998526,0.548995578,-7270168706,2008467245,8659.434074,7270082112,1454016422,47853,47853,73292.49344,100000,0.707612724
D:1| T0: 0.00| T1: 5.00| R0: 1.8| R1: 0.5,1,0,5,1.82998526,0.548995578,-6617103487,176910151,9864.440479,6617004843,1323400969,54512,54512,74007.70577,100000,0.716330365
D:1| T0: 0.00| T1: 5.00| R0: 1.8| R1: 0.5,1,0,5,1.82998526,0.548995578,-4320762883,258077067,16010.71508,4320602776,864120555.1,88477,88477,55395.47961,100000,0.544248832
D:1| T0: 0.00| T1: 5.00| R0: 1.8| R1: 0.5,1,0,5,1.82998526,0.548995578,-494595216.3,1598453196,12383.02873,494471386,98894277.2,68430,68430,68360.47301,100000,0.671758511
D:1| T0: 0.00| T1: 5.00| R0: 1.8| R1: 0.5,1,0,5,1.82998526,0.548995578,-522241375.9,1477764684,13075.19715,522110623.9,104422124.8,72255,72255,66035.20345,100000,0.597014773
D:1| T0: 0.00| T1: 5.00| R0: 1.8| R1: 0.5,1,0,5,1.82998526,0.548995578,-502552973.6,1690207035,12582.26466,502427150.9,100485430.2,69531,69531,62632.20596,100000,0.621706892
D:1| T0: 0.00| T1: 5.00| R0: 1.8| R1: 0.5,1,0,5,1.82998526,0.548995578,-8411574641,1280416477,6514.164374,8411509499,1682301900,35998,35998,83866.54843,100000,0.811838887
D:1| T0: 0.00| T1: 5.00| R0: 1.8| R1: 0.5,1,0,5,1.82998526,0.548995578,-3784653941,1667628950,15755.01992,3784496390,756899278.1,87064,87064,61261.16284,100000,0.590977343
D:1| T0: 0.00| T1: 5.00| R0: 1.8| R1: 0.5,1,0,5,1.82998526,0.548995578,-1833607949,805473807,15185.17983,1833456097,366691219.4,83915,83915,64838.86534,100000,0.641987772
D:1| T0: 0.00| T1: 5.00| R0: 1.8| R1: 0.5,1,0,5,1.82998526,0.548995578,-18701533787,1293107384,806.7155058,18701525720,3740305144,4458,4458,97989.10783,100000,0.979088059
D:1| T0: 0.00| T1: 5.00| R0: 1.8| R1: 0.5,1,0,5,1.82998526,0.548995578,-10373482326,461802880,5161.495373,10373430712,2074686142,28523,28523,85803.68378,100000,0.851098423
D:1| T0: 0.00| T1: 5.00| R0: 1.8| R1: 0.5,1,0,5,1.82998526,0.548995578,-8951442015,1923926824,6863.958244,8951373375,1790274675,37931,37931,79080.31216,100000,0.778266137
D:1| T0: 0.00| T1: 5.00| R0: 1.8| R1: 0.5,1,0,5,1.82998526,0.548995578,-3448331338,1444268274,16112.41407,3448170214,689634042.8,89039,89039,55969.63896,100000,0.557392891
D:1| T0: 0.00| T1: 5.00| R0: 1.8| R1: 0.5,1,0,5,1.82998526,0.548995578,-500587024.5,1308297625,12533.04379,500461694,100092338.8,69259,69259,68035.71676,100000,0.628975017
D:1| T0: 0.00| T1: 5.00| R0: 1.8| R1: 0.5,1,0,5,1.82998526,0.548995578,-559695597.9,52006295,14012.92701,559555468.6,111911093.7,77437,77437,65593.19667,100000,0.58391747
D:1| T0: 0.00| T1: 5.00| R0: 1.8| R1: 0.5,1,0,5,1.82998526,0.548995578,-2982802908,1940535532,68.221567,2982802226,596560445.2,377,377,99867.57105,100000,0.997949208
D:1| T0: 0.00| T1: 5.00| R0: 1.8| R1: 0.5,1,0,5,1.82998526,0.548995578,-7893714157,1117720677,4520.900288,7893668948,1578733790,24983,24983,87084.17331,100000,0.864634398
D:1| T0: 0.00| T1: 5.00| R0: 1.8| R1: 0.5,1,0,5,1.82998526,0.548995578,-3702439858,1025778016,15891.10114,3702280946,740456189.3,87816,87816,55296.46523,100000,0.552986077
D:1| T0: 0.00| T1: 5.00| R0: 1.8| R1: 0.5,1,0,5,1.82998526,0.548995578,-3219288670,2047287528,16961.29304,3219119057,643823811.4,93730,93730,66360.99432,100000,0.615294951
D:1| T0: 0.00| T1: 5.00| R0: 1.8| R1: 0.5,1,0,5,1.82998526,0.548995578,-571968324.4,817363535,14320.1955,571825122.5,114365024.5,79135,79135,63186.79151,100000,0.578236916
D:1| T0: 0.00| T1: 5.00| R0: 1.8| R1: 0.5,1,0,5,1.82998526,0.548995578,-506867942.8,1376966213,12690.29722,506741039.8,101348208,70128,70128,63986.1971,100000,0.629174732
D:1| T0: 0.00| T1: 5.00| R0: 1.8| R1: 0.5,1,0,5,1.82998526,0.548995578,-529924478.5,1117623986,13267.55663,529791803,105958360.6,73318,73318,71417.40267,100000,0.615900179
D:1| T0: 0.00| T1: 5.00| R0: 1.8| R1: 0.5,1,0,5,1.82998526,0.548995578,-6821158189,1843279566,6195.495463,6821096234,1364219247,34237,34237,83666.28323,100000,0.80491217
D:1| T0: 0.00| T1: 5.00| R0: 1.7| R1: 0.5,1,0,5,1.703206945,0.510962084,-1402678778,825907577,7.238362547,1402678706,280535741.2,40,40,99984.04094,100000,0.999760545
D:1| T0: 0.00| T1: 5.00| R0: 1.7| R1: 0.5,1,0,5,1.703206945,0.510962084,-564502054.4,770507023,14133.26479,564360721.7,112872144.3,78102,78102,61285.42194,100000,0.584939775
D:1| T0: 0.00| T1: 5.00| R0: 1.7| R1: 0.5,1,0,5,1.703206945,0.510962084,-7270168706,2008467245,8659.434074,7270082112,1454016422,47853,47853,73292.49344,100000,0.707612724
D:1| T0: 0.00| T1: 5.00| R0: 1.7| R1: 0.5,1,0,5,1.703206945,0.510962084,-6617103487,176910151,9864.440479,6617004843,1323400969,54512,54512,74007.70577,100000,0.716330365
D:1| T0: 0.00| T1: 5.00| R0: 1.7| R1: 0.5,1,0,5,1.703206945,0.510962084,-4650407041,258077067,15486.11475,4650252180,930050435.9,85578,85578,45794.74895,100000,0.449677963
D:1| T0: 0.00| T1: 5.00| R0: 1.7| R1: 0.5,1,0,5,1.703206945,0.510962084,-494595216.3,1598453196,12383.02873,494471386,98894277.2,68430,68430,68360.47301,100000,0.671758511
D:1| T0: 0.00| T1: 5.00| R0: 1.7| R1: 0.5,1,0,5,1.703206945,0.510962084,-522241375.9,1477764684,13075.19715,522110623.9,104422124.8,72255,72255,66035.20345,100000,0.597014773
D:1| T0: 0.00| T1: 5.00| R0: 1.7| R1: 0.5,1,0,5,1.703206945,0.510962084,-502552973.6,1690207035,12582.26466,502427150.9,100485430.2,69531,69531,62632.20596,100000,0.621706892
D:1| T0: 0.00| T1: 5.00| R0: 1.7| R1: 0.5,1,0,5,1.703206945,0.510962084,-8411574641,1280416477,6514.164374,8411509499,1682301900,35998,35998,83866.54843,100000,0.811838887
D:1| T0: 0.00| T1: 5.00| R0: 1.7| R1: 0.5,1,0,5,1.703206945,0.510962084,-4882207470,1667628950,10317.38102,4882104296,976420859.3,57015,57015,73950.38667,100000,0.722464646
D:1| T0: 0.00| T1: 5.00| R0: 1.7| R1: 0.5,1,0,5,1.703206945,0.510962084,-573486152.8,2043132985,14358.19691,573342570.8,114668514.2,79345,79345,69008.23103,100000,0.566017452
D:1| T0: 0.00| T1: 5.00| R0: 1.7| R1: 0.5,1,0,5,1.703206945,0.510962084,-7714461867,696017421,4421.91568,7714417648,1542883530,24436,24436,88444.81436,100000,0.859318814
D:1| T0: 0.00| T1: 5.00| R0: 1.7| R1: 0.5,1,0,5,1.703206945,0.510962084,-10373482326,461802880,5161.495373,10373430712,2074686142,28523,28523,85803.68378,100000,0.851098423
D:1| T0: 0.00| T1: 5.00| R0: 1.7| R1: 0.5,1,0,5,1.703206945,0.510962084,-9210261410,1073076073,4566.140054,9210215748,1842043150,25233,25233,87160.95138,100000,0.865621058
D:1| T0: 0.00| T1: 5.00| R0: 1.7| R1: 0.5,1,0,5,1.703206945,0.510962084,-3781141252,1444268274,15667.07381,3780984581,756196916.3,86578,86578,53127.43333,100000,0.529268775
D:1| T0: 0.00| T1: 5.00| R0: 1.7| R1: 0.5,1,0,5,1.703206945,0.510962084,-500587024.5,1308297625,12533.04379,500461694,100092338.8,69259,69259,68035.71676,100000,0.628975017
D:1| T0: 0.00| T1: 5.00| R0: 1.7| R1: 0.5,1,0,5,1.703206945,0.510962084,-559695597.9,52006295,14012.92701,559555468.6,111911093.7,77437,77437,65593.19667,100000,0.58391747
D:1| T0: 0.00| T1: 5.00| R0: 1.7| R1: 0.5,1,0,5,1.703206945,0.510962084,-2982802908,1940535532,68.221567,2982802226,596560445.2,377,377,99868.30628,100000,0.997949208
D:1| T0: 0.00| T1: 5.00| R0: 1.7| R1: 0.5,1,0,5,1.703206945,0.510962084,-7893714157,1117720677,4520.900288,7893668948,1578733790,24983,24983,87084.17331,100000,0.864634398
D:1| T0: 0.00| T1: 5.00| R0: 1.7| R1: 0.5,1,0,5,1.703206945,0.510962084,-5151060608,1025778016,10465.22457,5150955956,1030191191,57832,57832,67201.09409,100000,0.672117587
D:1| T0: 0.00| T1: 5.00| R0: 1.7| R1: 0.5,1,0,5,1.703206945,0.510962084,-3469147270,2047287528,16633.57617,3468980934,693796186.8,91919,91919,64117.44961,100000,0.594997384
D:1| T0: 0.00| T1: 5.00| R0: 1.7| R1: 0.5,1,0,5,1.703206945,0.510962084,-2412722028,298405391,16517.58141,2412556853,482511370.5,91278,91278,60504.34677,100000,0.484696503
D:1| T0: 0.00| T1: 5.00| R0: 1.7| R1: 0.5,1,0,5,1.703206945,0.510962084,-506867942.8,1376966213,12690.29722,506741039.8,101348208,70128,70128,63986.1971,100000,0.629174732
D:1| T0: 0.00| T1: 5.00| R0: 1.7| R1: 0.5,1,0,5,1.703206945,0.510962084,-529924478.5,1117623986,13267.55663,529791803,105958360.6,73318,73318,71417.40267,100000,0.615900179
D:1| T0: 0.00| T1: 5.00| R0: 1.7| R1: 0.5,1,0,5,1.703206945,0.510962084,-6821158189,1843279566,6195.495463,6821096234,1364219247,34237,34237,83666.28323,100000,0.80491217
