Replication,Simulation Period,To: Natual Death | HIV-,To: TB Death | infectious and undetected | HIV -,To: TB Death | under treatment | HIV -,To: Death | HIV+ nIC,To: TB Death | infectious and undetected | HIV+ nIC,To: TB Death | under treatment | HIV+ nIC,To: Death | HIV+ IC,To: TB Death | infectious and undetected | HIV+ IC,To: TB Death | under treatment | HIV+ IC,To: Death | ART,To: TB Death | infectious and undetected | ART,To: TB Death | under treatment | ART,To: Death | Children,To: TB Death | Children,To: Adult background death,Screening Performed,Notified TB Cases | Children,Notified TB Cases | Naive Adults,Notified TB Cases | Experienced Adults,Notified TB Cases | HIV +,Notified TB Cases |Adults,Notified TB Cases,Active TB Incidence,Active TB Incidence | Naive Adults,Active TB Incidence | Experienced Adults,Incident To: I| Tc<1 or >1 |HIV-,Incident To: I | Tc <1| HIV -,Incident To: I | Tc >1| HIV -,Reactivation To: I| Tc<1 or >1 |HIV-,Reactivation To: I | Tc <1| HIV -,Reactivation To: I | Tc >1| HIV -,TB Deaths,HIV Deaths,New ART Initiation,Active TB Incidence | Per Pop.,Active TB Incidence | Naive Adults | Per Pop.,Active TB Incidence | Experienced Adults | Per Pop.,% <1 |Incident To: I| Tc<1 or >1 |HIV-,% reactivation |Incident To: I| Tc<1 or >1 |HIV-,% reactivation |Incident To: I | Tc <1| HIV -,% reactivation |Incident To: I | Tc >1| HIV -,TB Deaths | Per Pop.,% adults notified TB with HIV+,Simulation Time,In: S | Tn | HIV -,In: L | Tn| HIV -,In: L | Ti <1| HIV -,In: L | Tc <1| HIV -,In: L | Tc+ <1| HIV -,In: L | Ti >1| HIV -,In: L | Tc >1| HIV -,In: L | Tc+ >1| HIV -,In: I | Tn| HIV -,In: I | Ti <1| HIV -,In: I | Tc <1| HIV -,In: I | Tc+ <1| HIV -,In: I | Ti >1| HIV -,In: I | Tc >1| HIV -,In: I | Tc+ >1| HIV -,In: Ti | HIV -,In: Tc | HIV -,In: Tmdr | HIV -,In: S | Tn | HIV+nIC,In: L | Tn| HIV+nIC,In: L | Ti <1| HIV+nIC,In: L | Tc <1| HIV+nIC,In: L | Tc+ <1| HIV+nIC,In: L | Ti >1| HIV+nIC,In: L | Tc >1| HIV+nIC,In: L | Tc+ >1| HIV+nIC,In: I | Tn| HIV+nIC,In: I | Ti <1| HIV+nIC,In: I | Tc <1| HIV+nIC,In: I | Tc+ <1| HIV+nIC,In: I | Ti >1| HIV+nIC,In: I | Tc >1| HIV+nIC,In: I | Tc+ >1| HIV+nIC,In: Ti | HIV+nIC,In: Tc | HIV+nIC,In: Tmdr | HIV+nIC,In: S | Tn | HIV+IC,In: L | Tn| HIV+IC,In: L | Ti <1| HIV+IC,In: L | Tc <1| HIV+IC,In: L | Tc+ <1| HIV+IC,In: L | Ti >1| HIV+IC,In: L | Tc >1| HIV+IC,In: L | Tc+ >1| HIV+IC,In: I | Tn| HIV+IC,In: I | Ti <1| HIV+IC,In: I | Tc <1| HIV+IC,In: I | Tc+ <1| HIV+IC,In: I | Ti >1| HIV+IC,In: I | Tc >1| HIV+IC,In: I | Tc+ >1| HIV+IC,In: Ti | HIV+IC,In: Tc | HIV+IC,In: Tmdr | HIV+IC,In: S | Tn | HIV+ART,In: L | Tn| HIV+ART,In: L | Ti <1| HIV+ART,In: L | Tc <1| HIV+ART,In: L | Tc+ <1| HIV+ART,In: L | Ti >1| HIV+ART,In: L | Tc >1| HIV+ART,In: L | Tc+ >1| HIV+ART,In: I | Tn| HIV+ART,In: I | Ti <1| HIV+ART,In: I | Tc <1| HIV+ART,In: I | Tc+ <1| HIV+ART,In: I | Ti >1| HIV+ART,In: I | Tc >1| HIV+ART,In: I | Tc+ >1| HIV+ART,In: Ti | HIV+ART,In: Tc | HIV+ART,In: Tmdr | HIV+ART,In: S | children,In: L | children,In: I | children,In: R| children,Population,Population | Children,Population | Adults,Population | Naive Adults,Population | Experienced Adults,HIV Prevalence,Active TB Prevalence,Active TB  & HIV+ | Prevalence,Active TB & Adults | Prevalence,Active TB & Naive Adults | Prevalence,Active TB & Experienced Adults | Prevalence,Active TB or On Treatment,In Post-Treatment Follow-Up,On TB Treatment,Experienced Adults Prevalence (Ratio),HIV Prevalence (Ratio),Active TB (Ratio),Active TB among Adults (Ratio),Active TB among Naive Adults (Ratio),Active TB among Experienced Adults (Ratio),Active TB among HIV+ (Ratio),Treatment Experieced Adults among Active TB (Ratio),HIV+ among Adult Active TB (Ratio),On Treatment / (Active TB + On T) (Ratio),Action Code,Replication,Observation Period,Epidemic Time,Action Code
0,0,-1,-1,-1,-1,-1,-1,-1,-1,-1,-1,-1,-1,-1,-1,-1,-1,-1,-1,-1,-1,-1,-1,-1,-1,-1,-1,-1,-1,-1,-1,-1,-1,-1,-1,-1,-1,-1,-1,-1,-1,-1,-1,-1,0,5246,15801,0,0,0,907,202,0,52,0,0,0,44,11,0,0,0,0,143,430,0,0,0,25,5,0,1,0,0,0,1,0,0,0,0,0,137,412,0,0,0,24,5,0,1,0,0,0,1,0,0,0,0,0,0,0,0,0,0,0,0,0,0,0,0,0,0,0,0,0,0,0,4251,4843,70,275,32887,9439,23448,22223,1225,1185,181,4,111,54,57,181,0,0,0.052243262,0.050537359,0.005503694,0.004733879,0.002429915,0.046530612,0.003375527,0.314917127,0.036036036,0,"1,0",0,0,0,"1,0"
0,1,0,24,4,2,1,0,102,9,1,0,0,0,19,0,265,0,46,140,72,24,212,258,310,224,36,6,2,4,2,2,0,58,104,0,0.009331447,0.010015202,0.02907916,0.333333333,0.333333333,1,0,0.001745884,0.113207547,1,4974,16243,38,58,0,862,211,0,37,0,2,0,4,2,0,20,45,0,122,484,0,0,0,28,4,0,11,0,0,0,2,0,0,1,3,0,127,338,3,1,0,16,7,0,30,0,0,0,0,0,0,4,8,0,0,0,0,0,0,0,0,0,0,0,0,0,0,0,0,0,0,0,4490,4674,71,301,33221,9536,23685,22366,1238,1189,159,43,88,78,10,184,0,25,0.052269369,0.050200549,0.004786129,0.003715432,0.003487436,0.008077544,0.036164844,0.062893082,0.488636364,0.135869565,"1,0",0,1,1,"1,0"
0,2,0,23,2,5,4,0,65,30,0,0,0,0,18,0,261,0,47,171,49,36,220,267,412,306,57,17,4,13,10,3,7,77,70,0,0.012295938,0.013586112,0.042857143,0.235294118,0.588235294,0.75,0.538461538,0.002298027,0.163636364,2,4560,16765,39,97,0,841,265,0,53,0,0,0,4,3,0,35,58,0,136,533,0,2,0,31,8,0,12,0,0,0,0,0,0,2,4,0,102,311,4,9,0,14,12,0,51,0,1,0,0,0,0,1,10,0,0,0,0,0,0,0,0,0,0,0,0,0,0,0,0,0,0,0,4618,4537,64,325,33507,9544,23963,22523,1330,1243,188,64,124,116,8,226,0,38,0.055502233,0.051871635,0.005610768,0.005174644,0.005150291,0.006015038,0.051488335,0.042553191,0.516129032,0.168141593,"1,0",0,2,2,"1,0"
0,3,0,19,8,3,6,0,65,30,0,0,0,0,13,0,280,0,40,184,53,42,237,277,390,270,63,15,7,8,9,6,3,76,68,0,0.011512235,0.011931065,0.04368932,0.466666667,0.6,0.857142857,0.375,0.00224341,0.17721519,3,4181,17265,50,123,0,808,355,0,40,0,0,0,2,0,0,36,59,0,125,563,0,2,0,26,10,0,12,0,1,0,0,0,0,0,4,0,95,302,3,24,0,11,21,0,47,3,0,0,1,2,0,4,9,0,0,0,0,0,0,0,0,0,0,0,0,0,0,0,0,0,0,0,4809,4478,71,335,33877,9693,24184,22630,1442,1265,179,66,108,99,9,219,0,40,0.059626199,0.052307311,0.005283821,0.004465762,0.004374724,0.006241331,0.052173913,0.05027933,0.611111111,0.182648402,"1,0",0,3,3,"1,0"
0,4,0,16,3,4,6,1,85,30,1,0,0,0,23,0,292,0,37,138,58,37,196,233,347,219,84,30,11,19,16,8,8,80,89,0,0.01013701,0.00962299,0.055226824,0.366666667,0.533333333,0.727272727,0.421052632,0.002337063,0.18877551,4,3945,17636,54,102,0,791,447,0,45,1,3,0,8,2,0,35,61,0,115,572,0,6,0,31,14,0,14,0,0,0,0,0,0,0,4,0,86,303,5,8,0,10,35,0,42,1,0,0,3,0,0,3,10,0,0,0,0,0,0,0,0,0,0,0,0,0,0,0,0,0,0,0,5033,4391,72,343,34231,9839,24392,22758,1521,1262,191,60,119,101,18,229,0,38,0.06235651,0.051738275,0.005579738,0.004878649,0.004438,0.01183432,0.047543582,0.094240838,0.504201681,0.165938865,"1,0",0,4,4,"1,0"
0,5,0,19,3,2,5,0,78,34,2,0,0,0,24,0,285,0,48,160,67,38,227,275,388,242,93,35,12,23,17,11,6,87,80,0,0.01123563,0.010555241,0.057585139,0.342857143,0.485714286,0.916666667,0.260869565,0.002519329,0.167400881,5,3695,18025,56,152,0,762,504,0,48,1,1,0,9,6,0,11,69,0,94,638,2,9,0,28,18,0,14,0,0,0,2,1,0,1,5,0,89,283,3,7,0,15,35,0,41,1,0,0,0,3,0,2,10,0,0,0,0,0,0,0,0,0,0,0,0,0,0,0,0,0,0,0,5118,4331,73,371,34533,9893,24640,22927,1615,1301,200,62,127,103,24,214,0,14,0.065543831,0.052800325,0.005791562,0.005154221,0.00449252,0.014860681,0.04765565,0.12,0.488188976,0.065420561,"1,0",0,5,5,"1,0"
0,6,0,11,6,5,4,0,79,26,1,0,0,0,17,0,277,0,51,172,84,55,256,307,379,225,104,42,14,28,22,9,13,65,84,0,0.010870812,0.009743634,0.061393152,0.333333333,0.523809524,0.642857143,0.464285714,0.001864387,0.21484375,6,3572,18334,33,155,0,747,592,0,39,0,3,0,4,11,0,18,85,0,89,660,3,11,0,32,25,0,9,0,0,0,0,0,0,2,4,0,81,271,5,16,0,12,38,0,37,2,1,0,1,3,0,3,12,0,0,0,0,0,0,0,0,0,0,0,0,0,0,0,0,0,0,0,5199,4290,67,398,34864,9954,24910,23092,1694,1317,177,53,110,85,25,200,0,23,0.068004817,0.052870333,0.00507687,0.004415897,0.003680928,0.014757969,0.040242976,0.141242938,0.481818182,0.115,"1,0",0,6,6,"1,0"
0,7,0,23,6,8,4,0,75,24,0,0,0,0,20,0,309,0,46,151,69,34,220,266,402,255,95,50,17,33,25,14,11,77,83,0,0.011431821,0.010948905,0.053763441,0.34,0.5,0.823529412,0.333333333,0.002189677,0.154545455,7,3442,18632,30,158,0,713,691,0,56,0,5,0,2,6,0,15,89,0,79,682,3,7,0,31,33,0,13,0,0,0,3,1,0,0,4,0,70,279,5,13,0,13,41,0,37,0,4,0,1,7,0,3,9,0,0,0,0,0,0,0,0,0,0,0,0,0,0,0,0,0,0,0,5267,4244,67,410,35165,9988,25177,23290,1767,1338,202,66,135,106,29,220,0,18,0.070183104,0.053143742,0.005744348,0.005362037,0.00455131,0.016411998,0.049327354,0.143564356,0.488888889,0.081818182,"1,0",0,7,7,"1,0"
0,8,0,18,9,6,3,0,75,27,1,0,0,0,18,0,317,0,49,162,87,52,249,298,424,264,101,47,8,39,21,5,16,76,81,0,0.011956123,0.011258476,0.055251641,0.170212766,0.446808511,0.625,0.41025641,0.002143079,0.208835341,8,3233,18959,29,172,0,681,783,0,64,1,0,0,2,4,0,16,86,0,82,719,2,5,0,28,37,0,21,0,0,0,2,1,0,0,5,0,55,279,3,22,0,10,43,0,37,1,0,0,0,2,0,1,22,0,0,0,0,0,0,0,0,0,0,0,0,0,0,0,0,0,0,0,5310,4251,71,424,35463,10056,25407,23449,1828,1377,206,64,135,122,13,223,0,17,0.071948676,0.054197662,0.005808871,0.005313496,0.005202781,0.007111597,0.04647785,0.063106796,0.474074074,0.076233184,"1,0",0,8,8,"1,0"
0,9,0,20,5,7,4,0,79,25,0,0,0,0,20,0,305,0,52,186,81,50,267,319,462,287,108,61,17,44,30,13,17,74,86,0,0.012901784,0.012139926,0.056162246,0.278688525,0.491803279,0.764705882,0.386363636,0.00206652,0.187265918,9,3093,19302,29,162,0,654,881,0,64,0,2,0,1,10,0,16,103,0,68,711,1,9,0,27,43,0,23,0,0,0,1,2,0,0,5,0,59,283,2,20,0,16,55,0,38,2,0,0,2,4,0,1,10,0,0,0,0,0,0,0,0,0,0,0,0,0,0,0,0,0,0,0,5356,4222,81,451,35809,10110,25699,23641,1923,1382,230,72,149,125,24,247,0,17,0.074827814,0.053776412,0.006422966,0.005797891,0.005287424,0.012480499,0.052098408,0.104347826,0.483221477,0.068825911,"1,0",0,9,9,"1,0"
0,10,0,10,10,6,3,0,69,37,1,0,0,0,17,0,307,0,64,191,90,49,281,345,504,303,130,71,15,56,38,13,25,78,75,0,0.013935355,0.012750379,0.064612326,0.211267606,0.535211268,0.866666667,0.446428571,0.002156662,0.174377224,10,2883,19634,24,177,0,622,977,0,56,0,4,0,3,10,0,11,112,0,60,737,3,10,0,26,41,0,22,0,0,0,0,1,0,0,5,0,58,261,0,22,0,15,65,0,53,0,2,0,1,9,0,1,10,0,0,0,0,0,0,0,0,0,0,0,0,0,0,0,0,0,0,0,5436,4249,85,482,36167,10252,25915,23764,2012,1402,246,88,161,131,30,258,0,12,0.077638433,0.054099942,0.006801781,0.006212618,0.00551254,0.014910537,0.062767475,0.12195122,0.546583851,0.046511628,"1,0",0,10,10,"1,0"
0,11,0,24,5,9,5,2,76,33,2,0,0,0,15,0,326,0,52,216,109,68,325,377,552,338,148,75,21,54,38,17,21,86,85,0,0.015152763,0.014190948,0.069976359,0.28,0.506666667,0.80952381,0.388888889,0.002360757,0.209230769,11,2651,19924,24,215,0,594,1077,0,59,0,4,0,1,13,0,16,105,0,58,728,1,7,0,23,52,0,19,0,0,0,1,1,0,1,5,0,46,272,3,15,0,18,52,0,61,0,3,0,0,11,0,1,26,0,0,0,0,0,0,0,0,0,0,0,0,0,0,0,0,0,0,0,5401,4349,94,498,36429,10342,26087,23818,2115,1404,267,96,173,139,34,285,0,18,0.081074865,0.05381991,0.007329326,0.006631656,0.005835922,0.01607565,0.068376068,0.127340824,0.554913295,0.063157895,"1,0",0,11,11,"1,0"
0,12,0,22,9,14,8,0,68,46,1,0,0,0,24,0,327,0,58,203,122,68,325,383,597,347,169,84,20,64,32,14,18,110,82,0,0.016264814,0.01447341,0.07716895,0.238095238,0.380952381,0.7,0.28125,0.002996867,0.209230769,12,2460,20280,15,191,0,571,1200,0,74,1,4,0,4,10,0,7,127,0,56,720,0,8,0,23,46,0,29,0,1,0,1,1,0,0,7,0,41,256,2,29,0,15,53,0,59,0,1,0,1,13,0,2,28,0,0,0,0,0,0,0,0,0,0,0,0,0,0,0,0,0,0,0,5331,4412,103,523,36705,10369,26336,23975,2190,1392,302,106,199,162,37,311,0,9,0.083156136,0.052855407,0.008227762,0.007556197,0.006757039,0.016894977,0.076149425,0.122516556,0.532663317,0.028938907,"1,0",0,12,12,"1,0"
0,13,0,27,5,9,11,0,65,51,3,0,0,0,22,0,301,0,71,240,118,79,358,429,590,326,164,87,16,71,39,12,27,119,74,69,0.015931737,0.013533148,0.070689655,0.183908046,0.448275862,0.75,0.38028169,0.00321335,0.220670391,13,2286,20601,17,247,0,548,1288,0,50,0,3,0,2,12,0,13,127,0,52,719,0,7,0,20,45,0,23,0,1,0,1,0,0,2,14,0,35,219,4,24,0,13,59,0,49,1,7,0,4,6,0,1,23,0,3,48,0,3,0,1,7,0,4,0,0,0,0,0,0,0,2,0,5291,4488,124,539,37033,10442,26591,24089,2320,1397,287,96,163,126,37,303,0,16,0.087247565,0.052536573,0.007749845,0.006129894,0.005230603,0.015948276,0.068718683,0.128919861,0.588957055,0.052805281,"1,0",0,13,13,"1,0"
0,14,0,23,8,3,7,1,61,32,1,1,1,1,20,0,304,0,71,184,97,65,281,352,482,270,145,91,20,71,43,15,28,94,65,54,0.012897356,0.011137235,0.059377559,0.21978022,0.472527473,0.75,0.394366197,0.002515252,0.231316726,14,2238,20802,8,230,0,536,1404,0,45,0,6,0,1,13,0,10,107,0,46,729,2,17,0,23,50,0,18,0,0,0,0,3,0,0,8,0,37,207,2,32,0,13,51,0,37,0,4,0,2,11,0,2,20,0,5,76,0,9,0,4,20,0,3,0,0,0,0,1,0,0,0,0,5360,4498,110,572,37372,10540,26832,24243,2442,1432,254,79,144,103,41,266,0,12,0.091010733,0.053369112,0.006796532,0.005366726,0.004248649,0.016789517,0.055167598,0.161417323,0.548611111,0.045112782,"1,0",0,14,14,"1,0"
0,15,0,23,9,6,7,0,61,32,1,0,1,0,28,0,308,0,70,180,91,50,271,341,518,309,145,89,16,73,37,8,29,101,67,64,0.013728764,0.012634936,0.057244374,0.179775281,0.415730337,0.5,0.397260274,0.002676844,0.184501845,15,2197,21031,13,220,0,504,1514,0,60,0,2,0,3,22,0,4,101,0,42,709,2,15,0,24,60,0,25,0,1,0,1,0,0,2,7,0,30,195,2,21,0,11,58,0,36,0,3,0,1,11,0,1,12,0,9,118,0,4,0,8,33,0,4,0,0,0,0,0,0,0,3,0,5457,4462,98,595,37731,10612,27119,24456,2533,1448,267,82,169,125,44,274,0,7,0.093403149,0.053394299,0.007076409,0.006231793,0.00511122,0.017370707,0.056629834,0.164794007,0.485207101,0.025547445,"1,0",0,15,15,"1,0"
0,16,0,26,5,7,7,1,61,29,1,0,5,1,21,0,376,0,66,183,107,60,290,356,464,243,144,79,21,58,48,18,30,96,68,62,0.012186474,0.009864415,0.056206089,0.265822785,0.607594937,0.857142857,0.517241379,0.002521339,0.206896552,16,2224,21238,10,218,0,479,1579,0,37,1,2,0,1,7,0,4,108,0,42,666,1,13,0,24,63,0,15,0,0,0,1,2,0,1,8,0,17,199,0,17,0,11,55,0,31,1,5,0,1,7,0,0,15,0,13,149,1,8,0,8,45,0,3,0,0,0,1,1,0,0,4,0,5564,4454,99,622,38075,10739,27336,24634,2562,1428,215,68,116,86,30,220,0,5,0.093722564,0.052238806,0.00564675,0.004243488,0.00349111,0.011709602,0.047619048,0.139534884,0.586206897,0.022727273,"1,0",0,16,16,"1,0"
0,17,0,24,3,8,5,1,43,27,1,1,0,0,18,0,338,0,73,119,102,53,221,294,382,189,139,90,19,71,43,10,33,79,52,42,0.00993498,0.007597379,0.053523296,0.211111111,0.477777778,0.526315789,0.464788732,0.002054616,0.239819005,17,2306,21372,10,193,0,458,1648,0,34,0,2,0,0,16,0,13,97,0,46,663,2,12,0,22,60,0,15,0,0,0,1,1,0,0,2,0,17,210,2,21,0,11,58,0,23,0,1,0,1,6,0,1,9,0,11,178,1,12,0,6,51,0,2,0,0,0,0,2,0,1,7,0,5737,4385,75,649,38450,10846,27604,24877,2597,1455,179,52,104,74,30,194,0,15,0.094080568,0.052709752,0.004655397,0.00376757,0.002974635,0.011551791,0.035738832,0.167597765,0.5,0.077319588,"1,0",0,17,17,"1,0"
0,18,0,18,6,8,3,0,60,13,1,1,1,0,18,0,333,0,51,135,84,43,219,270,344,192,105,78,16,62,43,13,30,60,69,49,0.008848647,0.007639055,0.039637599,0.205128205,0.551282051,0.8125,0.483870968,0.001543369,0.196347032,18,2424,21495,11,188,0,436,1711,0,26,0,2,0,0,16,0,7,90,0,48,649,0,9,0,23,67,0,13,0,0,0,1,0,0,0,3,0,16,215,2,17,0,10,62,0,22,0,1,0,0,5,0,1,11,0,12,210,1,10,0,9,66,0,4,0,0,0,0,2,0,0,3,0,5990,4273,64,651,38876,10978,27898,25134,2649,1492,156,48,92,65,27,164,0,8,0.094953043,0.053480536,0.004012759,0.003297727,0.002586138,0.010192525,0.032171582,0.173076923,0.52173913,0.048780488,"1,0",0,18,18,"1,0"
0,19,0,18,2,8,3,0,63,14,0,2,3,0,21,0,329,0,44,89,86,38,175,219,279,129,98,69,15,54,46,12,34,61,73,53,0.007100321,0.005071951,0.036649215,0.217391304,0.666666667,0.8,0.62962963,0.0015524,0.217142857,19,2594,21625,16,159,0,417,1780,0,19,0,0,0,1,15,0,9,66,0,48,637,0,10,0,22,62,0,8,0,0,0,1,0,0,0,3,0,13,222,1,11,0,8,59,0,17,0,0,0,0,2,0,0,9,0,12,236,2,10,0,12,84,0,3,0,0,0,0,2,0,0,4,0,6190,4187,70,648,39294,11095,28199,25434,2674,1498,138,33,68,47,21,147,0,9,0.094826058,0.053122451,0.003511987,0.002411433,0.00184792,0.007853403,0.022029372,0.152173913,0.485294118,0.06122449,"1,0",0,19,19,"1,0"
0,20,0,18,4,8,5,0,54,8,0,4,1,0,18,0,332,0,51,109,87,31,196,247,357,186,128,88,12,76,48,8,40,54,66,45,0.008982036,0.007221058,0.047690015,0.136363636,0.545454545,0.666666667,0.526315789,0.001358627,0.158163265,20,2716,21782,17,168,0,401,1792,0,40,0,3,0,2,18,0,7,85,0,53,622,0,6,0,21,50,0,11,0,0,0,0,2,0,0,5,0,14,224,1,9,0,5,59,0,23,1,1,0,0,5,0,1,7,0,11,259,3,16,0,11,89,0,3,0,0,0,0,4,0,0,3,0,6415,4082,55,644,39746,11196,28550,25758,2684,1519,168,50,113,77,36,176,0,8,0.094010508,0.053204904,0.00422684,0.003957968,0.002989363,0.013412817,0.032916392,0.214285714,0.442477876,0.045454545,"1,0",0,20,20,"1,0"
0,21,0,8,9,7,5,0,48,15,0,3,4,0,15,0,365,0,42,122,106,48,228,270,374,173,137,95,22,73,57,18,39,56,58,42,0.009317157,0.006638017,0.05089153,0.231578947,0.6,0.818181818,0.534246575,0.001395082,0.210526316,21,2862,21929,14,173,0,386,1806,0,37,0,5,0,1,16,0,7,76,0,53,620,1,6,0,16,59,0,8,0,1,0,2,0,0,0,5,0,21,210,3,13,0,6,51,0,22,0,1,0,0,5,0,0,8,0,13,285,1,13,0,13,98,0,2,0,0,0,0,2,0,1,8,0,6519,4048,74,641,40141,11282,28859,26062,2692,1547,176,43,102,69,33,184,0,8,0.093281125,0.053605461,0.004384544,0.003534426,0.002647533,0.012258544,0.027795734,0.1875,0.421568627,0.043478261,"1,0",0,21,21,"1,0"
0,22,0,16,9,6,3,1,42,20,0,3,3,1,16,0,360,0,52,129,95,35,224,276,349,183,109,77,9,68,40,6,34,69,51,60,0.008610056,0.006952095,0.040355424,0.116883117,0.519480519,0.666666667,0.5,0.001702275,0.15625,22,2978,22054,16,181,0,362,1845,0,37,0,0,0,1,8,0,5,91,0,55,595,0,4,0,16,60,0,7,0,0,0,0,1,0,0,5,0,22,210,0,10,0,6,52,0,21,0,1,0,0,3,0,0,8,0,16,327,0,13,0,15,105,0,1,0,0,0,0,2,0,0,5,0,6656,4019,73,648,40534,11396,29138,26323,2701,1560,155,36,82,66,16,160,0,5,0.092696822,0.053538335,0.00382395,0.002814195,0.002507313,0.005923732,0.023076923,0.103225806,0.43902439,0.03125,"1,0",0,22,22,"1,0"
0,23,0,13,4,2,3,0,48,11,0,3,0,0,23,0,372,0,43,127,72,36,199,242,326,177,114,84,19,65,52,15,37,54,53,50,0.007959373,0.006650135,0.04154519,0.226190476,0.619047619,0.789473684,0.569230769,0.001318424,0.180904523,23,3139,22182,11,147,0,356,1899,0,38,0,5,0,2,16,0,7,92,0,52,597,0,5,0,12,62,0,5,0,0,0,0,2,0,0,2,0,23,205,4,10,0,4,45,0,15,0,3,0,0,4,0,0,7,0,18,338,0,14,0,16,122,0,4,0,0,0,1,4,0,1,3,0,6823,3966,59,638,40958,11486,29472,26616,2744,1578,158,38,99,62,37,166,0,8,0.09310532,0.053542345,0.00385761,0.003359121,0.002329426,0.013483965,0.024081115,0.234177215,0.383838384,0.048192771,"1,0",0,23,23,"1,0"
0,24,0,17,7,8,1,0,52,19,0,4,2,2,16,0,357,0,43,113,85,28,198,241,324,175,98,77,11,66,47,9,38,64,64,44,0.007833656,0.006491098,0.03518851,0.142857143,0.61038961,0.818181818,0.575757576,0.001547389,0.141414141,24,3327,22334,11,177,0,347,1934,0,39,0,2,0,1,12,0,3,67,0,50,581,0,4,0,10,62,0,5,0,0,0,0,1,0,1,1,0,26,198,2,5,0,6,46,0,14,0,0,0,0,4,0,0,9,0,18,366,1,10,0,17,131,0,2,0,1,0,0,1,0,0,6,0,6920,3915,62,631,41360,11528,29832,26960,2785,1578,144,28,82,60,22,148,0,4,0.093356128,0.052896219,0.003481625,0.002748726,0.002225519,0.007899461,0.01774398,0.152777778,0.341463415,0.027027027,"1,0",0,24,24,"1,0"
0,25,0,12,6,5,1,0,36,6,0,3,0,1,33,0,347,54,41,109,71,24,180,221,306,165,91,72,3,69,33,1,32,59,44,154,0.007315849,0.006038426,0.032200991,0.041666667,0.458333333,0.333333333,0.463768116,0.001410572,0.133333333,25,3485,22510,9,90,96,340,1925,37,39,0,2,0,0,12,1,4,59,0,49,535,0,1,1,9,63,1,7,0,0,0,0,1,0,0,1,0,20,160,0,2,6,7,30,4,15,0,0,0,0,1,0,0,4,0,29,466,0,5,8,21,146,3,10,0,0,0,0,5,0,0,6,0,7085,3820,67,630,41827,11602,30225,27325,2826,1616,160,39,93,71,22,164,1,4,0.093498759,0.053465674,0.00382528,0.003076923,0.002598353,0.007784855,0.024133663,0.1375,0.419354839,0.024390244,"1,0",0,25,25,"1,0"
0,26,0,16,2,2,1,0,32,11,0,7,1,0,19,0,375,118,45,134,77,41,211,256,354,183,115,89,9,80,51,5,46,50,41,122,0.008380285,0.006622037,0.040809084,0.101123596,0.573033708,0.555555556,0.575,0.001183656,0.194312796,26,3646,22652,10,53,121,323,1845,123,38,0,2,0,1,17,1,5,85,0,47,508,0,0,4,9,57,0,7,0,0,0,0,1,0,0,3,0,16,137,0,1,4,6,19,5,10,0,0,0,0,0,0,0,4,0,35,530,0,7,14,19,162,10,9,0,0,0,1,3,0,1,16,0,7173,3793,72,637,42242,11675,30567,27635,2818,1645,162,31,90,64,26,168,1,6,0.092190925,0.053816207,0.003835046,0.002944352,0.002315904,0.009226402,0.018844985,0.160493827,0.344444444,0.035714286,"1,0",0,26,26,"1,0"
0,27,0,14,7,5,1,0,26,12,0,2,4,0,22,0,364,156,53,103,77,21,180,233,277,152,83,51,1,50,28,1,27,60,33,120,0.006487271,0.005432646,0.02887961,0.019607843,0.549019608,1,0.54,0.001405185,0.116666667,27,3809,22822,10,34,132,312,1842,208,34,0,0,0,1,9,2,6,68,0,48,461,0,0,0,5,47,5,8,0,0,0,0,0,0,0,4,0,12,113,0,1,3,6,16,2,13,0,0,0,0,2,0,0,2,0,39,614,1,6,10,22,172,24,6,0,1,0,0,1,0,0,11,0,7299,3758,56,642,42699,11755,30944,27979,2874,1655,133,31,77,61,16,139,2,6,0.092877456,0.053483713,0.003114827,0.002488366,0.002180207,0.005567154,0.018731118,0.120300752,0.402597403,0.043165468,"1,0",0,27,27,"1,0"
0,28,0,17,4,3,2,2,24,6,0,6,4,1,26,0,362,157,29,124,72,26,196,225,326,183,94,62,7,55,37,7,30,62,33,94,0.007540536,0.006462777,0.032469775,0.112903226,0.596774194,1,0.545454545,0.00143409,0.132653061,28,3936,23025,12,37,140,310,1774,285,28,0,1,0,0,10,1,7,77,0,39,423,0,0,1,3,40,4,7,0,0,0,0,0,0,0,0,0,15,105,0,0,2,6,19,1,11,0,0,0,0,2,0,0,4,0,43,674,0,6,13,20,174,30,10,0,0,0,2,2,0,2,8,0,7506,3724,72,622,43233,11924,31309,28316,2895,1666,146,34,74,56,18,155,1,9,0.092465425,0.053211537,0.00337705,0.002363538,0.00197768,0.006217617,0.020408163,0.123287671,0.459459459,0.058064516,"1,0",0,28,28,"1,0"
0,29,0,12,3,3,1,0,23,12,0,7,4,0,21,0,393,167,45,90,48,18,138,183,237,137,57,42,1,41,36,1,35,53,33,93,0.005419868,0.004782852,0.019533927,0.023809524,0.857142857,1,0.853658537,0.001212038,0.130434783,29,4114,23151,8,40,103,305,1762,347,35,0,0,0,0,12,1,3,64,0,40,399,0,0,0,4,36,2,2,0,0,0,0,1,0,0,0,0,13,100,0,1,2,3,23,3,7,0,0,0,0,0,0,0,0,0,44,727,2,7,9,22,185,38,12,0,0,0,0,2,0,1,7,0,7740,3659,65,627,43728,12091,31637,28644,2918,1692,137,24,72,56,16,141,1,4,0.092233777,0.053481683,0.003133004,0.002275816,0.001955034,0.005483208,0.014184397,0.116788321,0.333333333,0.028368794,"1,0",0,29,29,"1,0"
0,30,0,8,3,4,0,0,25,7,0,8,5,0,21,0,418,130,50,123,65,25,188,238,299,165,83,63,0,63,47,0,47,44,37,87,0.006764859,0.005691618,0.028087986,0,0.746031746,-1,0.746031746,0.000995498,0.132978723,30,4348,23248,12,43,133,288,1724,395,41,0,0,1,0,13,1,7,74,0,34,380,1,0,2,4,27,2,4,0,0,0,0,0,0,0,0,0,10,91,0,0,1,2,19,5,9,0,0,0,0,0,0,0,0,0,50,773,1,8,11,22,197,41,2,0,0,0,0,2,0,0,11,0,7882,3609,59,612,44199,12162,32037,28990,2955,1709,132,17,73,56,17,139,2,7,0.092237101,0.05334457,0.002986493,0.002278615,0.001931701,0.005752961,0.009947338,0.128787879,0.232876712,0.050359712,"1,0",0,30,30,"1,0"
0,31,0,16,5,8,1,0,24,4,0,9,1,0,27,0,419,143,41,128,69,17,197,238,318,176,93,72,3,69,46,2,44,54,41,87,0.007113617,0.006009492,0.031504065,0.041666667,0.638888889,0.666666667,0.637681159,0.001207973,0.086294416,31,4480,23425,5,42,143,277,1689,424,36,1,1,1,2,15,1,5,89,0,36,316,0,1,2,3,26,4,4,0,0,0,0,0,0,0,0,0,6,91,0,0,2,2,16,3,7,0,0,0,0,1,0,0,2,0,51,828,1,6,10,21,206,45,7,0,0,0,0,2,0,0,7,0,8119,3561,63,618,44703,12361,32342,29287,2952,1706,141,21,78,54,24,146,2,5,0.091274504,0.052748748,0.003154151,0.002411725,0.001843821,0.008130081,0.012309496,0.170212766,0.269230769,0.034246575,"1,0",0,31,31,"1,0"
0,32,0,18,4,3,2,0,18,7,0,5,5,0,20,0,377,168,36,113,63,12,176,212,295,165,85,59,2,57,31,2,29,56,26,77,0.006515881,0.005555743,0.028475712,0.033898305,0.525423729,1,0.50877193,0.001236913,0.068181818,32,4610,23702,9,39,139,265,1703,469,39,0,1,0,1,16,1,5,74,0,29,289,0,0,1,3,21,3,4,0,0,0,0,0,0,0,0,0,12,77,0,0,1,1,11,6,6,0,0,0,0,0,0,0,0,0,51,872,0,1,12,25,203,48,8,0,0,0,0,6,0,0,6,0,8334,3491,67,613,45274,12505,32769,29699,2985,1696,149,24,82,57,25,154,1,5,0.091092191,0.051756233,0.003291072,0.002502365,0.001919257,0.008375209,0.014150943,0.167785235,0.292682927,0.032467532,"1,0",0,32,32,"1,0"
0,33,0,15,7,2,0,0,16,5,0,10,4,0,18,0,379,142,43,114,60,19,174,217,263,149,72,50,3,47,31,3,28,49,28,68,0.005738098,0.0049477,0.023896449,0.06,0.62,1,0.595744681,0.001069075,0.109195402,33,4887,23852,9,48,136,258,1712,497,27,0,0,1,0,14,0,6,71,0,31,266,0,0,1,2,13,4,2,0,0,0,0,0,0,0,1,0,8,75,0,0,2,1,9,3,8,0,0,0,0,1,1,0,0,0,54,900,0,3,12,24,212,47,5,0,0,0,1,1,1,1,5,0,8510,3446,59,607,45834,12622,33212,30115,3013,1694,121,20,62,42,20,128,3,7,0.090720222,0.051005661,0.002639962,0.001866795,0.001394654,0.006637902,0.011806375,0.165289256,0.322580645,0.0546875,"1,0",0,33,33,"1,0"
0,34,0,8,2,3,0,0,12,7,0,9,5,0,19,0,413,135,36,91,65,19,156,192,269,149,80,57,1,56,35,1,34,41,24,58,0.005798789,0.004876931,0.026481298,0.01754386,0.614035088,1,0.607142857,0.00088383,0.121794872,34,5206,23964,7,40,124,247,1727,515,40,0,0,2,0,15,2,10,73,0,27,233,0,0,2,3,20,2,3,0,0,0,0,0,0,0,1,0,8,77,0,2,2,0,7,5,9,0,0,0,0,0,0,0,0,0,55,925,1,3,8,24,206,53,5,0,0,0,0,3,1,0,11,0,8702,3360,57,602,46389,12721,33668,30552,3021,1696,137,21,80,57,23,147,5,10,0.08972912,0.050374243,0.002953286,0.002376144,0.001865672,0.007613373,0.012382075,0.167883212,0.2625,0.068027211,"1,0",0,34,34,"1,0"
